book_id,title,authors,line,pub_date,decade,all_translators_known,F_id,F_title,F_year,F_translators,F_isbn,F_series,F_edition_type,G_id,G_title,G_year,G_translators,G_isbn,G_series,G_edition_type,P_id,P_title,P_year,P_translators,P_isbn,P_series,P_edition_type
50213,All Tied Up,Alison Kent,Harlequin Blaze,Jan 2002,2000s,False,50213_F,Le jeu du désir,2003,,2-280-17406-5,"www.girl-gear.com, l'aventure un peu folle de 6 filles sexy et branchées; Audace 7",single,50213a_G,Chili extra hot : Roman,2009,Monika Paul,9783899416268,Mira Taschenbuch Bd. 95014,single,50213_P,Baw mnie!,2003,Janina Iwańska,8323810583,"Harlequin Gorący Romans. Extra : zmysłowy, pikantny, prowokujący, 1",single
553,In His Wildest Dreams,Debbi Rawlins,Harlequin Blaze,Nov 2001,2000s,False,553_F,Fantasmes,2002,,2-280-17400-6,Audace 1,single,553_G,Geträumte Sünden,2020,,9783733716974,Digital Edition,single,553_P,Erotyczne sny,2002,Janina Iwańska,8323804532,"Harlequin Pokusa, 11",single
236787,Possessed By The Highlander,Terri Brisbin,Harlequin Historical,Aug 2008,2000s,True,236787b_F,Scandale en Écosse,2021,Marie-France Balazs-Knopp,978-2-280-46295-2,Highlanders 01,single,236787a_G,Heiße Highlander - Best Of Historical 2013,2014,Ralph Sander,9783733786847,,single,236787_P,Pokutnica,2010,Alina Patkowska,9788323867302,"Harlequin Romans Historyczny, nr 13 05/10",single
221103,A Christmas Wedding Wager,Michelle Styles,Harlequin Historical,Dec 2007,2000s,False,221103_F,La missive oubliée,2019,Emmanuelle Sander,978-2-280-41571-2,Les historiques 851,single,221103_G,Sinnliche Bescherung für Miss Emma,2019,,9783733728328,Digital Edition,single,221103_P,Pamiętna wigilia,2009,Małgorzata Hesko-Kołodzińska,9788323865407,"Harlequin Romans Historyczny, nr 36 12/09",single
1983,Devlin,Erin Yorke,Harlequin Historical,Feb 1998,1990s,False,1983_F,Un lien de coeur,2001,,2-280-16305-5,Les historiques 183,single,1983a_G,Devlin - der Rebell,2024,Corinna Hermes -de Chedjou,,"Historical edition 24, 4",single,1983_P,Angielska róża,2002,Barbara Kośmider,8323804176,"Harlequin Romans Historyczny, nr 64",single
221907,Surrender To The Highlander,Terri Brisbin,Harlequin Historical,Feb 2008,2000s,True,221907c_F,La rose interdite,2019,Marie-France Balazs-Knopp,978-2-280-42872-9,Les historiques 847,single,221907a_G,Bestsellerautorin Terri Brisbin,2013,Meriam Pstross,9783954467297,,single,221907_P,Ślepa miłość,2009,Melania Drwęska,9788323864721,"Harlequin Romans Historyczny, nr 25 08/09",single
144195,The Maid Of Lorne,Terri Brisbin,Harlequin Historical,Jan 2006,2000s,True,144195b_F,L'héritière des Mac Dougall,2017,Jacques Cézanne,978-2-280-37500-9,Les historiques 742,single,144195a_G,Im Bann des verführerischen Feindes,2021,Maria Beck,,"Historical Band 372 = 21, 8",single,144195_P,Kochając wroga,2008,Ewa Ciszkowska,9788323858744,"Harlequin Romans Historyczny, nr 28 10/08",single
247844,High Seas Stowaway,Amanda McCabe,Harlequin Historical,Jan 2009,2000s,False,247844_F,L'inconnue d'Hispaniola,2009,,978-2-280-81306-8,Les historiques 464,single,247844a_G,Im wilden Meer der Leidenschaft,2011,Sandra Nagel,9783862956623,,single,247844_P,Pasażerka na gapę,2010,Grażyna Smosna,9788323873181,"Harlequin Romans Historyczny, nr 26 09/10",single
2135902,The Warrior's Runaway Wife,Denise Lynn,Harlequin Historical,Jul 2018,2010s,True,2135902_F,La promise du guerrier,2019,Carole Pauwels,978-2-280-41549-1,Les historiques 829,single,2135902a_G,Die verschwundene Hurenbraut,2022,Carolin Gehrmann,,"Historical Band 374 = 22, 1",single,2135902_P,Ucieczka lady Avelyn,2020,Janusz Maćczak,9788327655172,Harlequin Romans Historyczny ; nr 19,single
1183795,Whispers at Court,Blythe Gifford,Harlequin Historical,Jun 2015,2010s,False,1183795_F,Pacte avec l'ennemi,2016,,978-2-2803-4747-1,Les historiques 699,single,1183795b_G,Gefährliche Romanze auf Windsor Castle,2020,Diana Bürgel,,"Historical Band 357 = 20, 2",single,1183795_P,Dworskie intrygi,2016,Ewa Jarvoll Nilsen,9788327621559,"Harlequin Romans Historyczny, nr 22",single
2559449,The Earl's Marriage Bargain,Louise Allen,Harlequin Historical,Jun 2020,2020s,True,2559449_F,La proposition du comte de Kendall,2022,Géraldine Part,978-2-280-46032-3,Les historiques 933,single,2559449a_G,Ein Lord nach ihrem Geschmack,2022,Barbara Kesper,,"Historical : [...], Mylady Band 621 = 22, 4",single,2559449_P,Na przekór konwenansom,2023,Bożena Kucharuk,9788327699749,Harlequin Romans Historyczny ; nr 16,single
31571,Lawless,Nora Roberts,Harlequin Historical,May 1989,1980s,True,31571d_F,La vallée des promesses,2022,Marie-José Lamorlette,978-2-280-47719-2,,single,31571a_G,Die Tochter des Goldsuchers : Roman,2008,Hans-Ulrich Seebohm,9783899415025,Mira Taschenbuch Bd. 25314; New-York-Times-Bestseller-Autoren : Romance,single,31571a_P,Serce pełne złota,2002,Melania Drwęska,8323804834,"Harlequin Romans Historyczny, 82",single
95388,Beauty and the Baron,Deborah Hale,Harlequin Historical,May 2003,2000s,False,95388a_F,Le bal des ombres,2004,,2-280-17521-5,Les historiques 283,single,95388b_G,Ein Herz für Lord Luzifer,2021,,9783751506458,Digital Edition,single,95388_P,Piękna i baron,2008,Melania Drwęska,9788323858751,"Harlequin Romans Historyczny, nr 29 10/08",single
2940737,The Iron Warrior Returns,Michelle Willingham,Harlequin Historical,May 2022,2020s,True,2940737_F,Le guerrier de fer,2024,Marie Pascal,978-2-280-48917-1,Les historiques,single,2940737a_G,Kettenhemd und zarte Haut,2025,Holger Hanowell,,"Historical Band 443 = 25, 26",single,2940737_P,Waleczne serce,2025,Bożena Kucharuk,9788329112840,Harlequin Romans Historyczny ; nr 4,single
120021,In The King's Service,Margaret Moore,Harlequin Historical,Oct 2003,2000s,False,120021_F,L'espion du roi,2004,,2-280-17531-2,Les historiques 293,single,120021a_G,Verzehrende Sehnsucht,2015,Günes Kale,9783733760434,,single,120021_P,Królewski wysłannik,2006,Klaryssa Słowiczanka,8323828482,"Harlequin Romans Historyczny, 166",single
13522,Keeper of the Bride,Tess Gerritsen,Harlequin Intrigue,Feb 1996,1990s,False,13522_F,La mariée était en blanc,1997,,2-280-16692-5,Suspense 43,single,13522_G,Angst in deinen Augen : Roman,2009,Emma Luxx,9783899416275,Mira Taschenbuch Bd. 95015,single,13522a_P,Sen o miłości,2008,Maria Świderska,9788323852254,"Harlequin. Kolekcja, nr 5 05/08",single
31572,Night Moves,Nora Roberts,Harlequin Intrigue,Jun 1985,1980s,True,31572e_F,La maison du mystère,2018,Diane Lejeune,978-2-280-38595-4,,single,31572a_G,Schatten über dem Paradies : Roman,2004,M. R. Heinze,9783899411065; 3899411064,Mira Taschenbuch Bd. 25081; New-York-Times-Bestseller-Autoren : Romance,single,31572_P,Nocne kompozycje,2013,Klaryssa Słowiczanka,9788323888352,"Gwiazdy Romansu, nr 4",single
13520,In Their Footsteps,Tess Gerritsen,Harlequin Intrigue,Jun 1994,1990s,False,13520a_F,Doute mortel,1997,,2-280-16688-7,Suspense 39,single,13520_G,Verrat in Paris : Roman,2005,Gisela Schmitt,9783899411744; 3899411749,Mira Taschenbuch Bd. 25135; New-York-Times-Bestseller-Autoren : Romantic Crime; Sommer-Edition,single,13520_P,Śladem zbrodni,2012,Jacek Żuławnik,9788323885498,New York Times Bestselling Authors : powieść,single
13521,Thief of Hearts,Tess Gerritsen,Harlequin Intrigue,Jun 1995,1990s,False,13521_F,La femme traquée,1996,,2-280-16674-7,Suspense 25,single,13521_G,Die Meisterdiebin : [Roman],2006,Patrick Hansen,9783899412840; 3899412842,Mira Taschenbuch Bd. 25191; Romantic Crime,single,13521a_P,Złodzieje serc,2008,Maria Świderska,9788323852322,"Harlequin. Kolekcja, nr 12/08",single
13517,Never Say Die,Tess Gerritsen,Harlequin Intrigue,Mar 1992,1990s,False,13517_F,Ne m'oublie pas : roman,2008,,978-2-280-84484-0,Mira,single,13517_G,Sag niemals stirb : Roman,2007,M. R. Heinze,9783899413861; 3899413865,Mira Taschenbuch Bd. 25236; New-York-Times-Bestseller-Autoren : Thriller,single,13517_P,Nigdy nie mów żegnaj,2008,Maria Świderska,9788323852285,"Harlequin. Kolekcja, nr 08/08",single
13515,Call After Midnight,Tess Gerritsen,Harlequin Intrigue,Nov 1987,1980s,False,13515a_F,L'appât,1995,,2-280-16660-7,Suspense 11,single,13515a_G,Der Anruf kam nach Mitternacht : Roman,2007,Roy Gottwald,9783899413274; 389941327X,Mira Taschenbuch Bd. 25210; Thriller,single,13515a_P,Telefon po północy,2008,Elżbieta Smoleńska,9788323852223,"Harlequin. Kolekcja, nr 2 02/08",single
14091,Beyond Reach,Sandra Field,Harlequin Presents,Apr 1996,1990s,False,14091_F,Les caprices de l'amour,1996,,2-280-04336-X,Collection Azur 1637,single,14091a_G,Mit der Liebe an Bord,2020,,9783733749095,Romana Herzensbrecher,single,14091_P,Mężczyzna nie do zdobycia,1997,Janusz Węgiełek,837149047X,Harlequin Romance ; 322; Romanse na każdą pogodę,single
2506741,The Italian's Pregnant Cinderella,Caitlin Crews,Harlequin Presents,Apr 2020,2020s,True,2506741_F,La dette de Monte-Carlo,2020,Anne de Rivière-Duguet,978-2-280-44722-5,Azur 4280,single,2506741a_G,Rauschende Nächte in Monte Carlo,2020,Anike Pahl,9783733714314,Julia 2452,single,2506741_P,Spotkanie w Monte Carlo,2021,Ewelina Grychtoł,9788327673985,Światowe Życie ; nr 18,single
3314716,Contracted and Claimed by the Boss,Clare Connelly,Harlequin Presents,Apr 2024,2020s,True,3314716_F,La perle du désir,2025,Marie Baché,978-2-280-51249-7,Azur,single,3314716a_G,Sag nur einmal - ich liebe dich,2024,Nicole Lacher,,"Julia Band 2658 = 24, 15, (1)",single,3314716_P,Miłość za oceanem,2025,Agnieszka Cymbor,9788329113595,Światowe Życie ; nr 11,single
214147,"Surgeon Prince, Ordinary Wife",Melanie Milburne,Harlequin Presents,Aug 2007,2000s,False,214147_F,Le secret d'Alessandro Fierezza,2008,,978-2-2808-4049-1,Collection Azur,single,214147a_G,Das Geheimnis des Märchenprinzen,2007,M. R. Heinze,,"Julia : [...], Royal Bd. 2",single,214147_P,Książęcy mezalians,2008,Katarzyna Ciążyńska,9788323855880,"Harlequin Saga, nr 5 05/08; Królewski Ród ; 2",single
1246339,The Greek Demands His Heir,Lynne Graham,Harlequin Presents,Aug 2015,2010s,True,1246339a_F,Le secret d'une nuit de passion,2017,Emmanuelle Detavernier,978-2-280-36484-3,Azur 3807,single,1246339c_G,In den Armen des verführerischen Griechen (2-teilige Serie),2021,Irmgard Sander,9783751507417,,single,1246339_P,Romans na jachcie,2017,Małgorzata Borkowska,9788327624680,"Harlequin Światowe Życie, nr 5",single
1662175,Protecting His Defiant Innocent,Michelle Smart,Harlequin Presents,Aug 2017,2010s,True,1662175a_F,Passion à Caballeros,2018,Christine Motti,978-2-280-38023-2,Série Liés malgré eux; Azur 3989,single,1662175c_G,Dem Milliardär verpflichtet,2019,Valeska Schorling,9783733746919,,single,1662175_P,Piąty żywioł - kobieta,2019,Ewelina Grychtoł,9788327640994,"Światowe Życie, nr 8",single
2587005,The Maid's Best Kept Secret,Abby Green,Harlequin Presents,Aug 2020,2020s,True,2587005a_F,Une nuit à Kildare House,2021,Louise Lamberson,978-2-280-45451-3,Azur 4364,single,2587005a_G,Das Zimmermädchen und der italienische Milliardär,2021,Christine Svenson,,"Julia Band 2491 = 21, 9 (2)",single,2587005_P,Niespodziewana wizyta,2022,Monika Łesyszak,9788327678997,Światowe Życie ; 05,single
2810499,From One Night to Desert Queen,Pippa Roscoe,Harlequin Presents,Aug 2021,2020s,True,2810499_F,Un cheikh envoûtant,2022,Louise Lamberson,978-2-280-46787-2,Azur 4506,single,2810499a_G,Verbotene Stunden im Wüstenpalast,2022,Natasha Klug,,"Julia Band 2536 = 22, 6 (1)",single,2810499_P,Historia jak z romansu,2022,Dorota Jaworska,9788327684011,Światowe Życie. Extra ; nr 14,single
2810501,Off-Limits to the Crown Prince,Kali Anthony,Harlequin Presents,Aug 2021,2020s,True,2810501_F,La toile du désir,2022,Christine Motti,978-2-280-46770-4,Azur 4439,single,2810501a_G,Die verbotene Sehnsucht des Kronprinzen,2022,Jessica Britzen,,"Julia Band 2529 = 22, 2 (2)",single,2810501_P,Portret księcia,2022,Agnieszka Wąsowska,9788327683847,Światowe Życie. Extra ; nr 15,single
2990524,Destitute Until the Italian's Diamond,Julia James,Harlequin Presents,Aug 2022,2020s,True,2990524_F,Le diamant d'un italien,2023,Sandrine Jehanno,978-2-280-48540-1,Azur,single,2990524a_G,Verführerischer Pakt mit dem stolzen Italiener,2023,Kara Wiendieck,,"Julia Band 2593 = 23, 8 (2)",single,2990524_P,Sposób na kłopoty,2023,Izabela Siwek,9788327699190,Światowe Życie ; nr 20,single
48919,The Baby Claim,Catherine George,Harlequin Presents,Dec 2000,2000s,False,48919_F,La passion d'une nuit,2001,,2-280-04826-4,Collection Azur 2121,single,48919a_G,Adam liebt Eve,2019,,9783733727581,Digital Edition,single,48919_P,Nie możesz odejść,2002,Halina Kilińska,8323801231,"Harlequin Romans, 589",single
143715,Blackmailing the Society Bride,Penny Jordan,Harlequin Presents,Dec 2005,2000s,False,143715a_F,Un célibataire prêt à tout,2006,,2-280-20525-4,Collection Azur 2621,single,143715e_G,Traummänner und Traumziele: Einmal rund um die Welt 4,2022,Dr. Susanne Hartmann,9783751514644,,single,143715_P,Narzeczona bankiera,2007,Małgorzata Hesko-Kołodzińska,9788323844259,"Światowe Życie, 58",single
154557,Pregnancy of Passion,Lucy Monroe,Harlequin Presents,Dec 2006,2000s,False,154557_F,Troublant tête-à-tête,2008,,978-2-280-84177-1,Collection Azur 2778,single,154557a_G,Stern der Liebe über Sizilien,2008,Marianne Wienert,9783863499969,,single,154557_P,Sycylijska przygoda,2010,Małgorzata Dobrogojska,9788323867517,"Światowe Życie, nr 9 05/10",single
1027024,His for Revenge,Caitlin Crews,Harlequin Presents,Dec 2014,2010s,True,1027024b_F,À la merci du séducteur,2020,Louise Lamberson,978-2-280-43880-3,Azur 4212,single,1027024b_G,"5 Dinge, die du niemals tun solltest!",2016,SAS,9783733773779,,single,1027024a_P,Podwójna gra,2016,Agnieszka Wąsowska,9788327618368,"Światowe Życie. Extra, nr 12",single
1315735,The Price of His Redemption,Carol Marinelli,Harlequin Presents,Dec 2015,2010s,True,1315735_F,Fascinée par un milliardaire,2017,Anne-Laure Prieur,978-2-280-36671-7,Azur 3842,single,1315735c_G,"Im Bann des russischen Tycoons - Sexy, skandalös und unwiderstehlich! (4-teilige Serie)",2019,Valeska Schorling,9783733727130,,single,1315735_P,Rosjanin w Londynie,2017,Alina Patkowska,9788327629111,"Światowe Życie, nr 11",single
1315734,Ravensdale's Defiant Captive,Melanie Milburne,Harlequin Presents,Dec 2015,2010s,True,1315734_F,Un intrigant patron,2016,Fabrice Canepa,978-2-280-35338-0,Scandale chez les Ravensdale; Azur 3792,single,1315734b_G,Die Ravensdale-Skandale - Erpresst von einem Playboy (4-teilige Serie),2021,SAS,9783751506618,,single,1315734_P,Argentyńskie tango,2017,Katarzyna Panfil,9788327629135,"Światowe Życie. Extra, nr 11",single
2286608,"An Innocent, A Seduction, A Secret",Abby Green,Harlequin Presents,Dec 2018,2010s,True,2286608_F,Le patron du manoir,2019,Frédérique Lallement,978-2-280-41399-2,Azur 4150,single,2286608a_G,Fest der Liebe mit dem argentinischen Playboy,2019,Petra Pfänder,9783733712525,Julia 2410,single,2286608_P,Świąteczny romans,2020,Izabela Siwek,9788327655363,Światowe Życie. Extra ; nr 23,single
2452565,Secret Prince's Christmas Seduction,Carol Marinelli,Harlequin Presents,Dec 2019,2010s,True,2452565a_F,Liaison de glace,2020,Leslie Boitelle-Tessier,978-2-280-44529-0,Azur 4271,single,2452565a_G,Cinderella und der Playboy-Prinz,2020,Anike Pahl,9783733714437,Julia 2460,single,2452565_P,Miłosny zamęt,2021,Filip Bobociński,9788327674555,Światowe Życie ; nr 23,single
2452562,The Greek's Surprise Christmas Bride,Lynne Graham,Harlequin Presents,Dec 2019,2010s,True,2452562a_F,La promise de Noël,2020,Jean-Baptiste André,978-2-280-44534-4,Azur 4279,single,2452562a_G,Gewagter Pakt mit dem griechischen Tycoon,2020,Eva Ritter,9783733714567,Julia 2469,single,2452562_P,Kłopoty z żoną,2021,Barbara Budzianowska-Budrecka,9788327674616,Światowe Życie. Extra ; nr 24,single
2860711,The Greek Secret She Carries,Pippa Roscoe,Harlequin Presents,Dec 2021,2020s,True,2860711_F,Un trésor inestimable,2022,Louise Lamberson,978-2-280-46789-6,Azur 4517,single,2860711a_G,Schicksalhafte Nacht unter tausend Sternen,2022,Anja Görgens,,"Julia Band 2550 = 22, 13 (1)",single,2860711_P,Podróż do Grecji,2022,Małgorzata Dobrogojska,9788327684035,Światowe Życie. Extra ; nr 16,single
3013842,The Maid the Greek Married,Jackie Ashenden,Harlequin Presents,Dec 2022,2020s,True,3013842_F,Une servante pour épouse,2023,Anne de Rivière-Duguet,978-2-280-49072-6,Azur,single,3013842a_G,Neues Glück für den griechischen Tycoon?,2023,Pia Pfänder,,"Julia Band 2597 = 23, 10 (2)",single,3013842_P,Cztery pory roku,2024,Barbara Bryła,9788383423890,Światowe Życie. Extra ; nr 04,single
3267397,A Christmas Consequence for the Greek,Lucy King,Harlequin Presents,Dec 2023,2020s,True,3267397_F,Noël avec un Grec,2025,Erwan Larher,978-2-280-51742-3,Azur,single,3267397b_G,Pikante Stunden nach Dienstschluss,2026,Eleni Nikolina,9783751542326,,single,3267397_P,Miłość wbrew zasadom,2026,Justyna Chada,9788383429274,Światowe Życie ; nr 04,single
3267396,The Maid's Pregnancy Bombshell,Lynne Graham,Harlequin Presents,Dec 2023,2020s,True,3267396_F,Pacte avec un apollon,2024,Louise Lamberson,978-2-280-50391-4,Azur,single,3267396a_G,Pikanter Deal mit dem Tycoon,2024,Mareike Hütt,,"Julia Band 2647 = 24, 9 (2)",single,3267396_P,Jesteś moim cudem,2026,Dorota Jaworska,9788329121019,Światowe Życie ; nr 03,single
156385,The Santorini Bride,Anne McAllister,Harlequin Presents,Feb 2007,2000s,False,156385_F,Une semaine de passion,2008,,978-2-280-84178-8,Collection Azur 2779,single,156385d_G,Traummänner & Traumziele: Santorin,2020,Anike Pahl,9783733716691,,single,156385_P,Tydzień na Santorini,2008,Karol Sęk,9788323852988,"Światowe Życie, nr 2 01/08",single
222023,The Greek Tycoon's Defiant Bride,Lynne Graham,Harlequin Presents,Feb 2008,2000s,False,222023_F,Le secret des Pallis,2008,,978-2-2808-4412-3,Collection Azur 2808,single,222023b_G,Eine Nacht und tausend Küsse,2021,,9783751506489,Julia,single,222023_P,Grecki biznesmen,2009,Monika Olasek,9788323864806,"Światowe Życie. Ekstra, nr 16 08/09",single
1507776,The Desert King's Blackmailed Bride,Lynne Graham,Harlequin Presents,Feb 2017,2010s,True,1507776_F,Piégée dans le désert,2018,Anne-Laure Prieur,978-2-280-37968-7,Série Royales destinées; Azur 3946,single,1507776a_G,Brides for the Taking - Zwei Schwestern auf der Suche nach ihrer verschollenen Halbschwester,2017,SAS,9783733735265,,single,1507776_P,Pierścionek na szczęście,2018,Alina Patkowska,9788327636669,"Światowe Życie. Extra, nr 15",single
1928179,The Secret Valtinos Baby,Lynne Graham,Harlequin Presents,Feb 2018,2010s,True,1928179_F,Le secret d'un séducteur,2019,Louise Lamberson,978-2-280-41249-0,Secrets de milliardaires; Azur 4044,single,1928179d_G,Reich & Schön - Best of Julia 2019,2020,Ivonne Senn,9783733729639,,single,1928179_P,Wojna kochanków,2019,Agnieszka Ludwiniak,9788327643513,"Światowe Życie. Extra, nr 15",single
2314857,The Sicilian's Bought Cinderella,Michelle Smart,Harlequin Presents,Feb 2019,2010s,True,2314857_F,Une candidate trop parfaite,2019,Célia Val,978-2-280-41384-8,Azur 4141,single,2314857b_G,Eine Million für deine Liebe?,2020,Elisabeth Hartmann,,"Julia Band 2427 = 20, 3 (2)",single,2314857_P,Weekend za milion,2020,Barbara Bryła,9788327649393,"Światowe Życie, nr 14",single
3054315,Pregnant in the Italian's Palazzo,Amanda Cinelli,Harlequin Presents,Feb 2023,2020s,True,3054315_F,Promesses au palazzo,2024,Louise Lamberson,978-2-280-49811-1,Azur,single,3054315a_G,Einmal Wolke sieben und zurück?,2023,Juliane Zaubitzer,,"Julia Band 2606 = 23, 15 (1)",single,3054315_P,Romans w chmurach,2024,Piotr Błoch,9788383425368,Światowe Życie. Extra ; nr 11,single
3275894,Playing the Sicilian's Game of Revenge,Lorraine Hall,Harlequin Presents,Feb 2024,2020s,True,3275894_F,Les amants d'une vengeance,2024,Virginie Cantin,978-2-280-50649-6,Azur,single,3275894a_G,Riskantes Spiel um Liebe und Vergeltung,2024,Anike Pahl,,"Julia Band 2645 = 24, 8 (2)",single,3275894_P,Sycylijska intryga,2026,Piotr Błoch,9788329113700,Światowe Życie ; nr 14,single
2310183,The Spaniard's Untouched Bride,Maisey Yates,Harlequin Presents,Jan 2019,2010s,True,2310183a_F,Passion au haras,2019,Louise Lamberson,978-2-280-41369-5,Innocentes passions; Azur 4132,single,2310183a_G,Riskantes Spiel mit dem feurigen Spanier,2019,Christine Svenson,9783733712228,Julia 2390,single,2310183_P,Kobieta jak ogień,2020,Małgorzata Fabianowska,9788327647801,"Światowe Życie, nr 09",single
2451227,Redeemed by His Stolen Bride,Abby Green,Harlequin Presents,Jan 2020,2020s,True,2451227a_F,La passion de Leonora,2020,Christine Mazaud,978-2-280-44071-4,Azur 4244,single,2451227a_G,Das unmoralische Angebot des feurigen Spaniers,2020,Anja Görgens,9783733714161,Julia 2442,single,2451227_P,Miłość czy gra pozorów?,2021,Katarzyna Panfil,9788327659682,Światowe Życie ; 1001,single
3027948,His Pregnant Desert Queen,Maya Blake,Harlequin Presents,Jan 2023,2020s,True,3027948_F,Le play-boy des sables,2023,Barnabé d' Albes,978-2-280-49073-3,Princes du désert; Azur,single,3027948_G,Gefährliches Begehren nach dem Wüstenherrscher,2023,Rita Koppers,,"Julia Band 2600 = 23, 12 (1)",single,3027948_P,W słońcu Bora Bora,2023,Izabela Siwek,,Światowe Życie. Extra ; nr 10,single
136642,His Wedding Ring Of Revenge,Julia James,Harlequin Presents,Jul 2005,2000s,False,136642_F,Cruelle méprise,2010,,978-2-280-21422-3,Collection Azur 3051,single,136642b_G,Ein verführerischer Plan,2020,,9783733749088,Romana Herzensbrecher,single,136642_P,Naszyjnik ze szmaragdów,2007,Monika Łesyszak,9788323844228,"Miłość i Pieniądze; Światowe Życie, nr 4 02/07",single
258688,"Sheikh Boss, Hot Desert Nights",Susan Stephens,Harlequin Presents,Jul 2009,2000s,False,258688_F,L'amant du désert,2009,,978-2-280-81322-8,Passions 176,single,258688c_G,Tausendundeine Wüstennacht,2021,,9783751501453,Julia Herzensbrecher,single,258688_P,Żar pustyni,2010,Melania Gruszczyńska,9788323873303,"Harlequin Romans z Szejkiem, 18 09/10",single
1431809,Di Sione's Innocent Conquest,Carol Marinelli,Harlequin Presents,Jul 2016,2010s,True,1431809_F,Le défi de Matteo Di Sione,2017,Élisabeth Marzin,978-2-280-36419-5,L'héritage des Di Sione; Azur 3833,single,1431809a_G,Das geheime Vermächtnis des Milliardärs - 8-teilige Serie,2017,Gudrun Bothe,9783733735159,,single,1431809_P,Dziewczyna w czerwonym ferrari,2018,Barbara Bryła,9788327632197,"Światowe Życie, nr 01",single
2124126,His Million-Dollar Marriage Proposal,Jennifer Hayward,Harlequin Presents,Jul 2018,2010s,True,2124126_F,Un audacieux marché,2019,Christine Mazaud,978-2-280-41317-6,Azur 4098,single,2124126a_G,Zehn Tage mit dem italienischen Playboy,2019,Ivonne Senn,9783733712266,Julia 2393,single,2124126_P,Zakochany playboy,2019,Janusz Maćczak,9788327644794,Światowe Życie ; nr 23,single
2379994,The Greek's Pregnant Cinderella,Michelle Smart,Harlequin Presents,Jul 2019,2010s,True,2379994a_F,Danse avec un milliardaire,2020,Élisabeth Marzin,978-2-280-43626-7,Série Passion et privilèges; Azur 4210,single,2379994a_G,Cinderella und der griechische Tycoon,2020,Anike Pahl,9783733713966,Julia 2429,single,2379994_P,Zaproszenie na bal,2021,Agnieszka Baranowska,9788327659729,Światowe Życie ; 1000,single
2379999,An Innocent to Tame the Italian,Tara Pammi,Harlequin Presents,Jul 2019,2010s,True,2379999a_F,Une rivale pour alliée,2020,Valérie Van Calster,978-2-280-43879-7,Azur 4211,single,2379999a_G,"Erpresst, verführt - verheiratet?",2019,Eva Ritter,9783733712617,Julia 2416,single,2379999_P,Genialna hakerka,2021,Monika Łesyszak,9788327674692,Harlequin Światowe Życie ; nr 22,single
2610735,Hired by the Impossible Greek,Clare Connelly,Harlequin Presents,Jul 2020,2020s,True,2610735_F,Un apollon pour patron,2021,Frédérique Lallement,978-2-280-45157-4,Azur 4325,single,2610735a_G,Riskantes Spiel um Liebe und Leidenschaft,2021,Natasha Klug,9783733718473,Julia 2475,single,2610735_P,Sen o miłości,2022,Dorota Jaworska,9788327676320,Światowe Życie. Extra ; nr 02,single
2806514,My Forbidden Royal Fling,Clare Connelly,Harlequin Presents,Jul 2021,2020s,True,2806514_F,Mon amant interdit,2021,Marguerite Guillemet,978-2-280-46765-0,Azur 4436,single,2806514_G,Verführt von deinen heißen Küssen,2021,Nicole Lacher,,"Julia Band 2524 = 21, 26 (1)",single,2806514_P,Miłość i hazard,2022,Dorota Jaworska,9788327684288,Światowe Życie ; nr 18,single
2957762,A Baby to Tame the Wolfe,Heidi Rice,Harlequin Presents,Jul 2022,2020s,True,2957762_F,L'enfant d'un ténébreux milliardaire,2023,Anne de Rivière-Duguet,978-2-280-48305-6,Azur,single,2957762a_G,Wie zähmt man einen Wolfe?,2022,Anja Görgens,,"Julia Band 2574 = 22, 25 (1)",single,2957762_P,Nieposkromione uczucia,2023,Adam Bujnik,9788327697868,Światowe Życie. Extra ; nr 18,single
3130205,Her Vow to Be His Desert Queen,Jackie Ashenden,Harlequin Presents,Jul 2023,2020s,True,3130205_F,Serment à un roi,2024,Élisabeth Marzin,978-2-280-50656-4,Azur,single,3130205a_G,Mein Königreich für unsere Liebe,2023,Anja Görgens,,"Zwischen Pflicht und Verlangen; Julia Band 2619 = 23, 21 (2)",single,3130205_P,Coś sobie obiecaliśmy,2024,Joanna Żywina,9788383425870,Światowe Życie. Extra ; nr 15,single
253870,"Virgin Mistress, Scandalous Love-Child",Jennie Lucas,Harlequin Presents,Jun 2009,2000s,False,253870_F,Une passion irrépressible,2010,,978-2-280-81595-6,Collection Azur 2976,single,253870d_G,Heißer Karneval in Rio,2026,SAS,9783751543071,,single,253870_P,Witaj w Rio de Janeiro!,2011,Natalia Wiśniewska,9788323876595,"Światowe Życie, nr 8 04/11",single
1617236,The Prince's Captive Virgin,Maisey Yates,Harlequin Presents,Jun 2017,2010s,True,1617236_F,Captive du prince,2018,Fabrice Canepa,978-2-280-37981-6,Série Princes et séducteurs; Azur 3956,single,1617236a_G,Gefährliches Verlangen nach dem Entführer (3-teilige Serie),2023,Susann Rauhaus,9783751522199,,single,1617236_P,Książe i Bella,2019,Filip Bobociński,9788327640024,"Światowe Życie. Extra, nr 03",single
2075364,Billionaire's Bride for Revenge,Michelle Smart,Harlequin Presents,Jun 2018,2010s,True,2075364a_F,Captive d'un mariage,2019,Élisabeth Marzin,978-2-280-41250-6,Amours vengeresses; Azur 4045,single,2075364_G,Getrieben von süßer Rache (3-teilige Serie),2020,Gudrun Bothe,9783751504164,,single,2075364_P,Miłość primabaleriny,2020,Zbigniew Mach,9788327645432,Światowe Życie ; 01,single
2379990,A Scandalous Midnight in Madrid,Susan Stephens,Harlequin Presents,Jun 2019,2010s,True,2379990_F,Scandale à Madrid,2020,française de Sylvie Calmels-Rouffet,978-2-280-43630-4,Azur 4232,single,2379990a_G,Im sinnlichen Klang der Kastagnetten,2019,Anja Görgens,9783733712556,Julia 2412,single,2379990_P,Hiszpańskie serce,2021,Alina Patkowska,9788327666918,Światowe Życie ; 1024,single
2379992,Claiming His Replacement Queen,Amanda Cinelli,Harlequin Presents,Jun 2019,2010s,True,2379992a_F,Promise par devoir,2020,Élisabeth Marzin,978-2-280-43614-4,Azur 4188,single,2379992a_G,Wachgeküsst von dem feurigen Scheich,2019,Kara Wiendieck,9783733712624,Julia 2417,single,2379992_P,Królowa nocy,2020,Joanna Żywina,9788327654748,Światowe Życie ; nr 20,single
2380661,The Sheikh Crowns His Virgin,Lynne Graham,Harlequin Presents,Jun 2019,2010s,True,2380661_F,La promise d'un cheikh,2020,Louise Lamberson,978-2-280-43633-5,Azur 4253,single,2380661a_G,Blitzhochzeit mit dem feurigen Wüstenprinzen,2019,Anike Pahl,,"Julia Band 2404 = 19, 19 (1)",single,2380661_P,Królowa dla szejka,2020,Karol Nowosielski,9788327652324,"Światowe Życie, nr 17",single
156954,The Prince's Convenient Bride,Robyn Donald,Harlequin Presents,Mar 2007,2000s,False,156954a_F,Amoureuse du prince,2007,,978-2-280-83738-5,Collection Azur 2742,single,156954a_G,Mein geheimnisvoller Märchenprinz,2007,Sabine Reinemuth,9783862958092,,single,156954_P,Perfumy księżniczki,2008,Urszula Grabowska,9788323855774,"Światowe Życie, nr 14 05/08",single
232182,The Italian Billionaire's Pregnant Bride,Lynne Graham,Harlequin Presents,Mar 2008,2000s,False,232182_F,La fierté des Torrente,2008,,978-2-2808-4514-4,Collection Azur 2817,single,232182b_G,Geständnis auf der Jacht,2021,,9783751506496,Julia,single,232182_P,Milioner szachista,2010,Monika Łesyszak,9788323871835,"Światowe Życie, nr 19 10/10",single
1525550,Pursued by the Desert Prince,Dani Collins,Harlequin Presents,Mar 2017,2010s,True,1525550_F,Un désir scandaleux,2018,Frédérique Lallement,978-2-280-37979-3,Azur 3954,single,1525550b_G,Die Sauveterre-Geschwister - 4-teilige Serie,2018,Rita Koppers,9783733737603,,single,1525550_P,Prosto z Paryża,2018,Alina Patkowska,9788327637215,"Światowe Życie. Extra, nr 20",single
1525548,The Innocent's Secret Baby,Carol Marinelli,Harlequin Presents,Mar 2017,2010s,True,1525548a_F,Un héritier pour les Di Savo,2018,Michèle,978-2-280-37988-5,Azur 3960,single,1525548b_G,Erben einer Nacht - Milliardäre und ihre süßen Geheimnisse (3-teilige Serie),2018,Valeska Schorling,9783733738617,,single,1525548_P,Rzym by night,2018,Agnieszka Baranowska,9788327636676,"Światowe Życie, nr 18",single
2502304,Demanding His Billion-Dollar Heir,Pippa Roscoe,Harlequin Presents,Mar 2020,2020s,True,2502304_F,Un redoutable amant,2020,Anne Dautun,978-2-280-44526-9,Azur 4262,single,2502304a_G,Verführe mich - nur für eine Nacht!,2020,Anja Görgens,9783733714291,Julia 2451,single,2502304_P,Noc nad jeziorem,2021,Agnieszka Wąsowska,9788327667335,Światowe Życie ; nr 14,single
2904147,The Billionaire's Last-Minute Marriage,Amanda Cinelli,Harlequin Presents,Mar 2022,2020s,True,2904147_F,La lune de miel d'un patron,2024,Louise Lamberson,978-2-280-49810-4,Azur,single,2904147a_G,"Intrigen, Küsse und Millionen",2022,Elisabeth Hartmann,,"Julia Band 2555 = 22, 15 (2)",single,2904147_P,Ślub last minute,2023,Dorota Viwegier-Jóźwiak,9788327693310,Światowe Życie. Extra ; nr 10,single
3315426,Cinderella's One-Night Baby,Michelle Smart,Harlequin Presents,Mar 2024,2020s,True,3315426_F,Le secret d'un don Juan,2025,Emmanuelle Detavernier,978-2-280-51155-1,Azur,single,3315426a_G,"Schenk mir diesen Tanz, mi amor",2024,Eva Ritter,,"Julia Band 2661 = 24, 16 (2)",single,3315426_P,Bal z nieznajomą,2026,Anna Nowak,9788329120920,Światowe Życie ; nr 10,single
147113,The Greek's Bridal Bargain,Melanie Milburne,Harlequin Presents,May 2006,2000s,False,147113_F,Un scandaleux chantage,2006,,2-280-20548-3,Collection Azur 2644,single,147113_G,Braut wider Willen?,2007,Dorothea Ghasemi,9783862957699,,single,147113_P,Ślub z milionerem,2009,Krystyna Rabińska,9788323859307,"Światowe Życie. Ekstra, nr 2 01/09",single
269121,Virgin on Her Wedding Night,Lynne Graham,Harlequin Presents,May 2010,2010s,True,269121_F,Un chantage intolérable,2017,Jean-Baptiste André,978-2-280-36670-0,Azur 3841,single,269121a_G,Verräterische Sehnsucht,2011,Kara Wiendieck,9783863494247,,single,269121_P,Z ukochanym w Wenecji,2012,Barbara Górecka,9788323883272,"Światowe Życie, nr 5",single
1620517,Di Marcello's Secret Son,Rachael Thomas,Harlequin Presents,May 2017,2010s,True,1620517_F,L'héritier d'Antonio,2018,Élisabeth Marzin,978-2-280-38010-2,Milliardaires incognito; Azur 3979,single,1620517b_G,"The Secret Billionaires – Wetten, es ist Liebe? - 3-teilige Serie",2018,SAS,9783733735944,,single,1620517_P,Zdarzyło się w Mediolanie,2019,Barbara Bryła,9788327639844,"Światowe Życie, nr 2",single
1620577,The Magnate's Tempestuous Marriage,Miranda Lee,Harlequin Presents,May 2017,2010s,True,1620577_F,Une scandaleuse trahison,2018,Louise Lamberson,978-2-280-37934-2,Azur 3918,single,1620577a_G,Wie verführt man einen Tycoon? (3-teilige Serie),2019,SAS,9783733739362,,single,1620577_P,Małżeńska próba,2019,Monika Łesyszak,9788327639837,"Światowe Życie, nr 01",single
2365141,Pregnant by the Commanding Greek,Natalie Anderson,Harlequin Presents,May 2019,2010s,True,2365141_F,Tentation à Cavendish House,2019,Marguerite Guillemet,978-2-280-41422-7,Azur 4167,single,2365141a_G,Cinderellas sinnliche Verführung,2019,Julia Lambrecht,,"Julia Band 182019 = 19, 18 (3)",single,2365141_P,Tylko jedna taka noc,2021,Maria Nowak,9788327655936,Światowe Życie. Extra,single
2927581,Claiming His Baby at the Altar,Michelle Smart,Harlequin Presents,May 2022,2020s,True,2927581_F,Le bébé de l'ennemi,2023,Isabelle Donnadieu,978-2-280-48143-4,Azur,single,2927581a_G,Ein Playboy und Gentleman?,2022,Nicole Lacher,,"Julia Band 2564 = 22, 20 (1)",single,2927581_P,Hiszpańska krew,2023,Ewa Pawełek,9788327694904,Światowe Życie ; nr 14,single
3098537,Virgin's Night with the Greek,Lucy King,Harlequin Presents,May 2023,2020s,True,3098537_F,La passion d'une innocente,2025,Erwan Larher,978-2-280-51740-9,Azur,single,3098537b_G,Heirs to a Greek Empire – 4-teilige Miniserie,2026,Eleni Nikolina,9783751542050,,single,3098537_P,Niezapomniany wernisaż,2026,Monika Łesyszak,9788329116312,Światowe Życie ; nr 02,single
3338515,The Tycoon's Diamond Demand,Joss Wood,Harlequin Presents,May 2024,2020s,True,3338515_F,Le marié vengeur,2025,Erwan Larher,978-2-280-51312-8,Azur,single,3338515a_G,"Liebe, Rache - Neuanfang?",2024,Beatrice Norden,,"Julia Band 2665 = 24, 18 (2)",single,3338515_P,Przyjdź na swój ślub,2026,Zbigniew Mach,9788329123488,Światowe Życie ; nr 17,single
154532,"Reluctant Mistress, Blackmailed Wife",Lynne Graham,Harlequin Presents,Nov 2006,2000s,False,154532_F,Scandale pour un milliardaire,2009,,978-2-280-80971-9,Collection Azur 2922,single,154532_G,Villa der Leidenschaft,2007,Kara Wiendieck,9783862957873,,single,154532_P,Greckie wesele,2009,Iwa Pilawska,9788323865483,"Światowe Życie. Ekstra, nr 24 12/09",single
219839,Expecting His Royal Baby,Susan Stephens,Harlequin Presents,Nov 2007,2000s,False,219839_F,Le fils d'un prince,2008,,978-2-2808-4267-9,Les héritiers de Niroli; Saga,single,219839a_G,Im Palast der Hoffnung,2007,M. R. Heinze,,"Julia : [...], Royal Bd. 5",single,219839_P,Błękitna krew,2008,Monika Krasucka,9788323855910,"Harlequin Saga, nr 8 08/08; Królewski Ród ; 5",single
1708462,Claiming His Scandalous Love-Child,Julia James,Harlequin Presents,Nov 2017,2010s,True,1708462_F,Trahie par son amant,2018,Anne de Rivière-Duguet,978-2-280-37990-8,Azur 3962,single,1708462b_G,Es begann als heiße Affäre… Von der Geliebten zur Gemahlin (2 Miniserien),2022,Kara Wiendieck,9783751520140,,single,1708462_P,Europa dla bogatych,2019,Barbara Bryła,9788327642554,"Światowe Życie, nr 11",single
2422280,Confessions of a Pregnant Cinderella,Abby Green,Harlequin Presents,Nov 2019,2010s,True,2422280a_F,Le secret révélé,2020,Christine Mazaud,978-2-280-44061-5,Azur 4222,single,2422280b_G,Die irische Kellnerin und der Playboy-Milliardär,2020,Anja Görgens,,"Julia Band 2434 = 20, 7 (1)",single,2422280_P,Zaręczyny w Madrycie,2021,Zbigniew Mach,9788327655943,Światowe Życie ; 995,single
2422283,Bride Behind the Billion-Dollar Veil,Clare Connelly,Harlequin Presents,Nov 2019,2010s,True,2422283a_F,Un diamant pour son assistante,2020,française de Élisabeth Marzin,978-2-280-44057-8,Azur 4230,single,2422283a_G,Die Braut des griechischen Playboys,2020,Nicole Lacher,9783733714192,Julia 2444,single,2422283_P,Żona na pokaz,2021,Barbara Bryła,9788327674715,Światowe Życie. Extra ; nr 22,single
2682997,Playing the Billionaire's Game,Pippa Roscoe,Harlequin Presents,Nov 2020,2020s,True,2682997_F,Le jeu d'une amoureuse,2021,Juliette Fuhs,978-2-280-45680-7,Azur 4356,single,2682997a_G,Das leidenschaftliche Spiel des Tycoons,2021,Nicole Lacher,9783733718657,Julia 2487,single,2682997_P,Hiszpańska Mona Lisa,2022,Piotr Błoch,9788327679680,Światowe Życie. Extra ; nr 09,single
650745,A Hint of Scandal,Tara Pammi,Harlequin Presents,Oct 2013,2010s,True,650745b_F,Quelques heures pour s'aimer,2020,Florence Jamin,978-2-280-44649-5,Azur 4278,single,650745_G,Die unverschämten Schwestern (2 Miniserien),2021,Anike Pahl,9783751512862,,single,650745_P,Ślubna niespodzianka,2015,Barbara Budzianowska-Budrecka,9788327613226,"Światowe Życie, nr 18",single
1276293,The Wedding Night Debt,Cathy Williams,Harlequin Presents,Oct 2015,2010s,True,1276293_F,Cet odieux chantage,2017,Jean-Baptiste André,978-2-280-36323-5,Azur 3805,single,1276293c_G,Traummänner & Traumziele: Karibik 2,2017,Beatrice Norden,9783733734381,,single,1276293_P,Wszystko za jedną noc,2017,Agnieszka Wąsowska,9788327625625,"Światowe Życie. Extra, nr 8",single
1276300,Claimed for Makarov's Baby,Sharon Kendrick,Harlequin Presents,Oct 2015,2010s,True,1276300a_F,Sous l'emprise d'un milliardaire,2016,Jean-Baptiste André,978-2-280-34500-2,Azur 3755,single,1276300c_G,Super reich und super sexy (2-teilige Serie),2020,Dorothea Ghasemi,9783751505130,,single,1276300_P,Rosyjski temperament,2017,Nina Lubiejewska,9788327630933,"Światowe Życie, nr 19",single
1451739,Married for the Tycoon's Empire,Abby Green,Harlequin Presents,Oct 2016,2010s,True,1451739_F,Un week-end bouleversant,2017,Fabrice Canepa,978-2-280-36872-8,Série Milliardaires et célibataires; Azur 3882,single,1451739_G,Brides for Billionaires - wie angelt man sich einen Milliardär? - 4-teilige Serie,2018,Ivonne Senn,9783733735937,,single,1451739_P,Pocałunek za milion dolarów,2018,Barbara Bryła,9788327634382,"Światowe Życie, nr 08",single
1451737,The Spaniard's Pregnant Bride,Maisey Yates,Harlequin Presents,Oct 2016,2010s,True,1451737a_F,La loi du destin,2018,Anne-Laure Prieur,978-2-280-37926-7,Série Au nom du royaume; Azur 3913,single,1451737c_G,"Verführt, verliebt, verheiratet? (3-teilige Serie)",2020,Trixi de Vries,9783733719821,,single,1451737_P,Mężczyzna w masce,2018,Izabela Siwek,9788327632326,"Światowe Życie. Ekstra, nr 2",single
1674809,His Majesty's Temporary Bride,Annie West,Harlequin Presents,Oct 2017,2010s,True,1674809_F,Dans la peau d'une princesse,2018,Sylvie Calmels-Rouffet,978-2-280-38011-9,Azur 3980,single,1674809_G,Eine Prinzessin hat es nicht leicht (2 Miniserien),2021,Anike Pahl,9783751513128,,single,1674809_P,Pierwszy taniec z księciem,2019,Katarzyna Panfil,9788327642691,"Światowe Życie. Extra, nr 11",single
2422271,The Greek's Billion-Dollar Baby,Clare Connelly,Harlequin Presents,Oct 2019,2010s,True,2422271a_F,Cette nuit avec un inconnu,2020,Élisabeth Marzin,978-2-280-44049-3,Azur 4219,single,2422271a_G,Halt mich in deinen Armen für immer!,2020,Nicole Lacher,9783733713928,Julia 2426,single,2422271_P,Każda miłość jest pierwsza,2021,Dorota Viwegier-Jóźwiak,9788327674135,Światowe Życie. Extra ; nr 20,single
2659071,One Scandalous Christmas Eve,Susan Stephens,Harlequin Presents,Oct 2020,2020s,True,2659071_F,Un Noël au haras,2021,Jean-Baptiste André,978-2-280-46134-4,Azur 4390,single,2659071c_G,Unwiderstehlich sexy - die Acostas! - 4-teilige Miniserie,2024,Helga Meckes-Sayeban,9783751536127,,single,2659071_P,Hiszpańskie oczy,2022,Barbara Bryła,9788327685810,Światowe Życie. Ekstra ; nr 23,single
2835419,Her Best Kept Royal Secret,Lynne Graham,Harlequin Presents,Oct 2021,2020s,True,2835419_F,Leur royal secret,2022,Marguerite Guillemet,978-2-280-46784-1,Azur 4499,single,2835419a_G,Wie erobert man einen Playboy-Prinzen?,2022,Juliane Zaubitzer,,"Julia Band 2539 = 22, 7 (2)",single,2835419_P,Trudno cię zapomnieć,2023,Dorota Jaworska,9788327691385,Światowe Życie. Extra ; nr 03,single
2990531,Cinderella's Secret Baby,Dani Collins,Harlequin Presents,Oct 2022,2020s,True,2990531_F,Tendre scandale,2023,Sandrine Jehanno,978-2-280-49074-0,Azur,single,2990531a_G,Cinderella und der sexy Tycoon,2023,Petra Pfänder,,"Vier Hochzeiten und ein Baby; Julia Band 2601 = 23, 12 (2)",single,2990531_P,Prosty wybór,2024,Izabela Siwek,9788383423807,Światowe Życie ; nr 03,single
3233999,How the Italian Claimed Her,Jennifer Hayward,Harlequin Presents,Oct 2023,2020s,True,3233999_F,Dangereusement attirant,2024,Florence Moreau,978-2-280-50590-1,Azur,single,3233999a_G,Skandalöse Affäre am Comer See,2024,Anike Pahl,,"Julia Band 2641 = 24, 6 (2)",single,3233999_P,Cały świat w twoich oczach,2026,Ewelina Grychtoł,9788329120937,Światowe Życie ; 09,single
138573,The Ramirez Bride,Emma Darcy,Harlequin Presents,Sep 2005,2000s,False,138573_F,Défi pour un séducteur,2006,,2-280-20485-1,Collection Azur 2581,single,138573d_G,Im Testament stand nichts von Liebe,2017,SAS,9783733734565,,single,138573_P,Testament z Brazylii,2007,Małgorzata Fabianowska,9788323850236,"Światowe Życie, nr 13 07/07",single
213849,Bought By The Billionaire Prince,Carol Marinelli,Harlequin Presents,Sep 2007,2000s,False,213849_F,Alliance interdite,2008,,978-2-280-84058-3,Collection Azur,single,213849a_G,Rendezvous im Casino Royal,2007,M. R. Heinze,,"Julia : [...], Royal Bd. 3",single,213849_P,Na łasce księcia,2008,Julita Mirska,9788323855897,"Harlequin Saga, nr 6 06/08; Królewski Ród ; 3",single
238868,At The Sheikh's Bidding,Chantelle Shaw,Harlequin Presents,Sep 2008,2000s,False,238868_F,La captive du prince,2011,,978-2-2802-3596-9,Collection Azur 3182,single,238868a_G,Verführt von einem Traumprinzen,2009,,9783862954179,JULIA 1876,single,238868_P,Pałac wśród wydm,2010,Dorota Lusztak,9788323867340,"Harlequin Romans z Szejkiem, 8 04/10",single
2409972,Irresistible Bargain with the Greek,Julia James,Harlequin Presents,Sep 2019,2010s,True,2409972a_F,Une nuit avec l'ennemie,2020,Anne Dautun,978-2-280-43620-5,Azur 4172,single,2409972a_G,"Begehren, süßer als jede Rache",2020,Michaela Koch,9783733714178,Julia 2443,single,2409972_P,Hotel na Karaibach,2021,Barbara Bryła,9788327664099,Światowe Życie. Extra,single
2396531,His Forbidden Pregnant Princess,Maisey Yates,Harlequin Presents,Sep 2019,2010s,True,2396531_F,La princesse défendue,2020,Marguerite Guillemet,978-2-280-43792-9,Azur 4204,single,2396531b_G,So verführerisch - und so verboten,2020,Marina Michaelsen,,"Julia Band 2441 = 20, 10 (2)",single,2396531_P,Bal dla księżniczki,2021,Alina Patkowska,9788327663993,Światowe Życie. Extra,single
2610743,Confessions of an Italian Marriage,Dani Collins,Harlequin Presents,Sep 2020,2020s,True,2610743_F,Le retour d'un époux disparu,2021,Barnabé d' Albes,978-2-280-45444-5,Collection Azur 4337,single,2610743a_G,Zurück in den Armen des italienischen Milliardärs,2021,Anja Görgens,,"Julia Band 2501 = 21, 14 (2)",single,2610743_P,Twój na zawsze,2022,Pola Szafulera,9788327678966,Światowe Życie. Extra ; nr 6,single
94978,Rush to the Altar,Rebecca Winters,Harlequin Romance,Apr 2003,2000s,False,94978_F,Les caprices du destin,2006,,2-280-14501-4,Collection Horizon 2084,single,94978c_G,Wahre Liebe ist kein Stunt - 5 Stuntmen finden ihr Glück,2023,Sabine Buchheim,9783751528054,,single,94978a_P,Za głosem serca,2004,Małgorzata Borkowska,8323820201,"Harlequin Romans, 724; Zakochane bliźniaczki / Rebecca Winters",single
146439,The Wedding Arrangement,Lucy Gordon,Harlequin Romance,Apr 2006,2000s,False,146439_F,Idylle romaine,2007,,978-2-280-20574-0,La saga des Rinucci; Collection Azur 2670,single,146439a_G,Unter der goldenen Sonne Roms,2007,Karin Weiss,9783942031141,,single,146439a_P,Rzymskie wesele,2007,Janusz Florkiewicz,9788323850878,"Harlequin Romans, nr 33 09/07; Romans po włosku : miniseria / Lucy Gordon",single
51746,The Honeymoon Prize,Jessica Hart,Harlequin Romance,Aug 2002,2000s,False,51746_F,Mariage sur concours,2003,,2-280-04982-1,Collection Azur 2277,single,51746c_G,"Gesehen, gemocht, geliebt … geheiratet! - Aufregendes Herzklopfen in 5 Romanen",2022,Elke Schuller,9783751520973,,single,51746_P,Wymarzona nagroda,2005,Janusz Florkiewicz,8323826668,"Harlequin Romans, 800; Tango",single
119505,The Blind-Date Proposal,Jessica Hart,Harlequin Romance,Aug 2003,2000s,False,119505a_F,Un couple inattendu,2003,,2-280-20253-0,Collection Azur 2349,single,119505_G,Ein Blind Date zum Verlieben : 90 Minuten für mich - der Anti-WM-Roman ; Magazin & Roman,2006,,,Julia,single,119505_P,Dobrana para,2004,Agnieszka Wąsowska,8323822085,"Harlequin Romans, 744; W wielkim mieście / Jessica Hart",single
212260,The Italian's Wife By Sunset,Lucy Gordon,Harlequin Romance,Aug 2007,2000s,False,212260_F,Au premier regard,2008,,978-2-280-84198-6,Collection Horizon 2168,single,212260b_G,Lass die Sonne in dein Herz,2020,,9783733719562,Digital Edition,single,212260a_P,Ślub w Neapolu,2009,Bogusław Stawski,9788323864660,"Bracia Rinucci : miniseria / Lucy Gordon; Harlequin Romans, nr 13 07/09",single
92609,The Tycoon's Proposition,Rebecca Winters,Harlequin Romance,Dec 2002,2000s,False,92609_F,Une union heureuse,2006,,978-2-280-14511-4,Collection Horizon 2094,single,92609a_G,Verheiratet mit einem Milliardär,2011,Sabine Reinemuth,9783864943096,,single,92609_P,Zaproszenie do raju,2005,Agnieszka Wąsowska,8323827036,"Harlequin Romans, nr 819",single
220640,The Millionaire Tycoon's English Rose,Lucy Gordon,Harlequin Romance,Dec 2007,2000s,False,220640_F,L'amant italien,2008,,978-2-2808-4625-7,Collection Horizon 2188,single,220640a_G,Neapel sehen - und sich verlieben,2008,Karin Weiss,9783942031172,,single,220640a_P,Włoskie zaręczyny,2009,Agnieszka Wąsowska,9788323864929,"Harlequin Romans, nr 17 09/09",single
46549,For the Sake of His Child,Lucy Gordon,Harlequin Romance,Feb 2001,2000s,False,46549_F,Les liens du bonheur,2001,,2-280-04848-5,Collection Azur 2143,single,46549c_G,"Plötzlich Familie! - Zwischen Geheimnissen, sinnlichem Verlangen und einem Happy End",2023,Bettina Röhricht,9783751521802,,single,46549_P,Magia słów,2002,Barbara Kośmider,8323802378,"Harlequin Romans, 602",single
48164,Delivered: One Family,Caroline Anderson,Harlequin Romance,Feb 2001,2000s,False,48164_F,Une famille inattendue,2002,,2-280-04928-7,Collection Azur 2223,single,48164a_G,Immer für dich da,2019,,9783733727567,Digital Edition,single,48164_P,Sposób na nudę,2002,Anna Adamiak,8323801185,"Harlequin Romans, 584",single
146114,Wife and Mother Forever,Lucy Gordon,Harlequin Romance,Feb 2006,2000s,False,146114_F,Le secret des Rinucci,2006,,978-2-280-20558-0,La saga des Rinucci; Collection Azur 2654,single,146114a_G,Wenn golden die Sonne im Meer versinkt,2006,Karin Weiss,9783942031127,,single,146114a_P,Próba uczuć,2007,Ewa Pytlińska,9788323850779,"Harlequin Romans, nr 26 07/07; Romans po włosku : miniseria / Lucy Gordon",single
284819,The Nanny and the CEO,Rebecca Winters,Harlequin Romance,Feb 2011,2010s,False,284819_F,Le bébé du patron,2012,,978-2-280-24475-6,Collection Horizon 2357,single,284819a_G,Die Nanny und der Milliardär,2011,Iris Pompesius,9783863491802,,single,284819_P,Niania w Nowym Jorku,2013,Julita Mirska,9788323888932,"Harlequin Romans, nr 6",single
50312,Bride by Choice,Lucy Gordon,Harlequin Romance,Jan 2002,2000s,False,50312a_F,Fiançailles siciliennes,2002,,2-280-04946-5,Collection Azur 2241,single,50312b_G,Liebe lieber italienisch (3-teilige Serie),2020,Fanny Gabor,9783751504195,,single,50312_P,Zdążyć do Palermo,2002,Feliks Forbert-Kaniewski,8323802610,"Harlequin Romans, 636",single
122109,The Wedding Wish,Ally Blake,Harlequin Romance,Jan 2004,2000s,False,122109_F,Le plus beau des voeux,2005,,2-280-20383-9,Collection Azur 2479,single,122109b_G,Der Reiz des Fremden - Blind Dates mit Folgen,2018,Irmgard Sander,9783733736323,,single,122109_P,Służbowa kolacja,2006,Jolanta Zubek,8323836019,"Harlequin Romans, 832",single
911,To Catch a Bride,Renee Roszel,Harlequin Romance,Jul 2001,2000s,False,911_F,Une promesse éternelle,2002,,2-280-14246-5,Collection Horizon 1829,single,911b_G,So leicht geb ich nicht auf,2020,,9783733718053,Digital Edition,single,911_P,A gdy będziesz moją żoną,2002,Halina Kilińska,8323802416,"Harlequin Romans, 618",single
49220,Wife by Arrangement,Lucy Gordon,Harlequin Romance,Jun 2001,2000s,False,49220a_F,Mariage en Sicile,2002,,2-280-04882-5,Collection Azur 2177,single,49220b_G,Hochzeit mit Hindernissen,2020,,9783733749125,Romana Herzensbrecher,single,49220_P,Włoska dziedziczka,2002,Feliks Forbert-Kaniewski,8323802262,"Harlequin Romans, 608",single
47750,A Wife at Kimbara,Margaret Way,Harlequin Romance,Mar 2000,2000s,False,47750a_F,Confidence pour confidence,2000,,2-280-04770-5,Collection Azur 2066,single,47750d_G,Die schönsten Liebesromane von Margaret Way,2022,Dorothea Ghasemi,9783751521185,,single,47750_P,Naszyjnik Cecylii,2000,Halina Kilińska,8371496923,"Harlequin Romans, 497",single
231753,The Italian Tycoon and the Nanny,Rebecca Winters,Harlequin Romance,Mar 2008,2000s,False,231753_F,Une baby-sitter de rêve,2008,,978-2-280-84653-0,Collection Horizon 2191,single,231753b_G,Amore e bambini – Liebesglück auf italienisch (4-teilige Serie),2022,Victoria Werner,9783751514538,,single,231753_P,Włoski skarb,2010,Julita Mirska,9788323865926,"Harlequin Romans, nr 4 03/10",single
125037,A Family of His Own,Liz Fielding,Harlequin Romance,May 2004,2000s,False,125037_F,Une famille à adopter,2004,,2-280-20335-9,Collection Azur 2431,single,125037a_G,Wo das Glück auf uns wartet,2011,Susanne Oppermann,9783864942976,,single,125037a_P,Ogród szczęścia,2005,Halina Kilińska,8323826978,"Harlequin Romans, nr 817",single
290207,Her Desert Prince,Rebecca Winters,Harlequin Romance,May 2011,2010s,False,290207_F,Un secret pour un sheikh,2012,,978-2-280-24500-5,Collection Horizon 2366,single,290207a_G,Im geheimen Garten des Scheichs,2011,Sabine Robin,9783864940323,,single,290207_P,Pałac na pustyni,2013,Anna Bieńkowska,9788323888987,"Harlequin Romans, nr 11",single
219537,Miracle On Christmas Eve,Shirley Jump,Harlequin Romance,Nov 2007,2000s,False,219537_F,Le bonheur sous le gui,2011,,978-2-280-23074-2,Collection Horizon 2353,single,219537_G,Kerzenglanz in deinen Augen,2020,,9783751504867,Digital Edition,single,219537_P,Zaczarowany świat,2009,Adela Drakowska,9788323865346,"Harlequin Romans, nr 23 12/09",single
119925,The Baby Bonding,Caroline Anderson,Harlequin Romance,Oct 2003,2000s,False,119925_F,Un lien d'amour,2003,,2-280-03581-2,Collection blanche 681,single,119925b_G,Wiedersehen mit Sam,2019,,9783733727543,Digital Edition,single,119925a_P,Najbliższe sercu,2004,Danuta Dowjat,8323819173,"Harlequin Medical, 266",single
120067,The Forbidden Marriage,Rebecca Winters,Harlequin Romance,Oct 2003,2000s,False,120067_F,Coupable attirance,2004,,2-280-20323-5,Collection Azur 2419,single,120067_G,Ein zarter Kuss weckt süße Träume,2020,,9783733716899,Digital Edition,single,120067_P,Pełnia życia,2004,Wiktoria Mejer,8323822077,"Harlequin Romans, 745; Kobiece sekrety",single
48601,The English Bride,Margaret Way,Harlequin Romance,Sep 2000,2000s,False,48601_F,La saison du bonheur,2001,,2-280-04831-0,Collection Azur 2126,single,48601_G,Die englische Rose,2012,,9783955761295,,single,48601_P,Pewnego razu w Australii,2001,Halina Kilińska,8323800677,"Harlequin Romans, 556",single
51930,The Whirlwind Wedding,Day Leclaire,Harlequin Romance,Sep 2002,2000s,False,51930_F,Un mariage sous conditions,2008,,978-2-2808-4433-8,Collection Horizon 2177,single,51930_G,Ein kleiner Schritt ins große Glück,2019,,9783733727499,Digital Edition,single,51930_P,Zabawa w swatkę,2003,Małgorzata Tomal,8323811105,"Harlequin Romans, 676",single
138664,Contracted: Corporate Wife,Jessica Hart,Harlequin Romance,Sep 2005,2000s,False,138664_F,Une étonnante proposition,2006,,2-280-20504-1,Collection Azur 2600,single,138664a_G,Ein Heiratsantrag zum Dessert,2007,Marie Bonnard,9783862958818,,single,138664_P,Podwójne oświadczyny,2007,Wiktoria Mejer,9788323830719,"Harlequin Romans, 894",single
257321,Expecting Miracle Twins,Barbara Hannay,Harlequin Romance,Sep 2009,2000s,False,257321_F,Le bonheur en cadeau,2010,,978-2-280-21163-5,Collection Horizon 2277,single,257321a_G,Liebesstart ins Glück,2010,Astrid Pohlmann,9783942031165,,single,257321_P,Długa podróż,2012,Julita Mirska,9788323882961,"Harlequin Romans, nr 4",single
279424,Accidentally Pregnant!,Rebecca Winters,Harlequin Romance,Sep 2010,2010s,False,279424_F,L'enfant de Vincenzo Valsecchi,2011,,978-2-280-22194-8,Collection Horizon 2318,single,279424a_G,Verlockung unter Italiens Sonne,2011,Karin Weiss,9783863491765,,single,279424_P,Szczęście po włosku,2012,Krystyna Rabińska,9788323884149,"Harlequin Romans, 1081",single
297112,Rescued by the Brooding Tycoon,Lucy Gordon,Harlequin Romance,Sep 2011,2010s,False,297112_F,Sauvée par l'amour,2013,,978-2-280-28181-2,Horizon 2384,single,297112a_G,Die Falcon-Brüder - 5-teilige Serie,2018,Maria Fuks,9783733736309,,single,297112_P,Spotkanie na plaży,2013,Anna Bieńkowska,9788323888888,"Harlequin Romans, 1098",single
48017,A Self-Made Man,Kathleen O'Brien,Harlequin Superromance,Feb 2001,2000s,False,48017_F,L'héritière des Morgan,2005,,2-280-07947-X,Émotions 944,single,48017a_G,Wie Inseln im Strom : Roman,2007,Patrick Hansen,9783899413892; 389941389X,Mira Taschenbuch Bd. 95008; Mira-Star-Bestseller-Autoren : Romance,single,48017_P,Mężczyzna z przeszłością,2002,Magdalena Kenig,8323801363,"Harlequin Special, 73",single
41234,Out of Control,Candace Schuler,Harlequin Temptation,Aug 1997,1990s,False,41234_F,Les regrets de l'aube,1998,,2-280-11624-3,Collection Rouge passion 859,single,41234b_G,Der Club der Alpha-Männer,2016,Iwan-Michelangelo D’Aprile,9783733774103,,single,41234_P,To miał być tylko romans,1998,Barbara Osuchowska,8371493479,Harlequin Temptation ; 191,single
47589,Callan's Proposition,Barbara McCauley,Silhouette Desire,Apr 2000,2000s,False,47589_F,Les charmes du mensonge,2001,,2-280-11815-7,Collection Rouge passion 1049,single,47589b_G,"So sexy, so verführerisch",2020,,9783733716967,Digital Edition,single,47589_P,Idealna sekretarka,2001,Grażyna Ordęga,8371498241,"Harlequin Gorący Romans, 458",single
306889,A Breathless Bride,Fiona Brand,Silhouette Desire,Apr 2012,2010s,False,306889a_F,Une héritière à séduire,2012,,978-2-280-28242-0,Passions 373,single,306889b_G,Die Perlen Dynastie - 3teilige Serie,2014,Ute Augstein,9783733786830,,single,306889b_P,Cena pożądania,2026,Zuzanna Henel,9788329128117,Harlequin Gorący Romans ; nr 8,single
1617203,The Magnate's Mail-Order Bride,Joanne Rock,Silhouette Desire,Apr 2017,2010s,False,1617203a_F,Un époux sous contrat,2018,,978-2-280-38313-4,Passions 704,single,1617203c_G,Das McNeill Imperium - Eine mächtige Familie im Bann der Leidenschaft (9-teilige Serie),2020,Brigitte Marliani-Hörnlein,9783733717384,,single,1617203_P,Taniec zmysłów,2018,Agnieszka Nowakowska,9788327635334,"Harlequin Gorący Romans, nr 5",single
126782,Persuading the Playboy King,Kristi Gold,Silhouette Desire,Aug 2004,2000s,False,126782a_F,Contrat royal,2005,,2-280-08374-4,Passion 1344,single,126782_G,"Die königliche Wette - Ein Prinz, ein König und ein Scheich spielen mit hohen Einsätzen (3teilige Serie)",2021,Eleni Nikolina,9783751508698,,single,126782a_P,Pokochać króla,2006,Anna Dorota Kamińska,8323823693,"Harlequin Gorący Romans, 747",single
137421,Mistaken for a Mistress,Kristi Gold,Silhouette Desire,Aug 2005,2000s,False,137421_F,À l'épreuve du mensonge,2006,,2-280-08457-0,Passion 1427,single,137421b_G,Sommer der Sinnlichkeit,2019,,9783733747091,Baccara,single,137421_P,Pożegnanie San Francisco,2013,Magdalena Jakóbczyk-Rakowska,9788323893172,"Harlequin Złota Kolekcja, nr 18; Winnica Ashtonów ; 8",single
2587022,Hidden Ambition,Jules Bennett,Silhouette Desire,Aug 2020,2020s,False,2587022_F,Un candidat si charmant,2021,,978-2-280-44911-3,Passions 930,single,2587022a_G,Der sinnliche Plan des Milliardärs,2021,Eva Westphal,,"Baccara Band 2205 = 21, 20 (2)",single,2587022_P,Podwójna gra,2021,Grażyna Woyda,9788327674524,Harlequin Gorący Romans ; nr 10,single
2587026,Cinderella Unmasked,Susannah Erwin,Silhouette Desire,Aug 2020,2020s,False,2587026_F,Un sublime inconnu,2025,,978-2-280-51327-2,Passions 1162,single,2587026b_G,Champagnernacht mit Cinderella,2021,Roswitha Enright,,"Baccara Band 2181 = 21, 8 (2)",single,2587026_P,Czułości nocy,2021,Anna Sawisz,9788327674456,Harlequin Gorący Romans ; nr 9,single
2830425,Who's the Boss Now?,Susannah Erwin,Silhouette Desire,Aug 2021,2020s,False,2830425_F,Ce patron interdit,2022,,978-2-280-46753-7,Passions 979,single,2830425a_G,Berauschende Nächte mit dem Boss,2022,Monika Paul,,"Baccara Band 2231 = 22, 7 (2)",single,2830425_P,Flirt po godzinach,2022,Alina Patkowska,9788327688668,Gorący Romans ; nr 10,single
121296,"Christmas Bonus, Strings Attached",Susan Crosby,Silhouette Desire,Dec 2003,2000s,False,121296_F,Un mariage temporaire,2004,,2-280-08349-3,Passion 1319,single,121296_G,Ein Wochenende - in einem Bett,2019,,9783733728243,Digital Edition,single,121296a_P,Mężczyzna z marzeń,2005,Alicja Marks,8323823413,"Harlequin Gorący Romans, 725; Za zamkniętymi drzwiami : miniseria / Susan Crosby",single
129961,Forbidden Passion,Emilie Rose,Silhouette Desire,Dec 2004,2000s,False,129961_F,Dans les bras du désir,2005,,2-280-10898-4,Désirs 199,single,129961b_G,Zu heiß brennt das Verlangen,2020,,9783733719333,Digital Edition,single,129961_P,Zakazana namiętność,2005,Anna Goldschneider,8323823456,"Harlequin Gorący Romans, 727",single
143784,Name Your Price,Barbara McCauley,Silhouette Desire,Dec 2005,2000s,False,143784_F,Toute une vie de bonheur,2006,,2-280-08463-5,La dynastie des Ashton; Collection Rouge passion 1433,single,143784b_G,Schöne Becca - Erotik pur!,2019,,9783733747152,Baccara,single,143784_P,Za żadną cenę,2013,Małgorzata Dobrogojska,9788323893295,"Harlequin Złota Kolekcja, nr 22; Winnica Ashtonów ; 12",single
281177,Inheriting His Secret Christmas Baby,Heidi Betts,Silhouette Desire,Dec 2010,2010s,False,281177_F,L'héritier des Jarrod,2012,,978-2-280-24442-8,Passions 313,single,281177a_G,Rote Lippen - jede Sünde wert,2011,Roswitha Enright,9783863498115,,single,281177_P,Magiczny moment,2012,Jacek Manicki,9788323892878,"Harlequin Gorący Romans, 973",single
47987,The American Earl,Kathryn Jensen,Silhouette Desire,Feb 2001,2000s,False,47987_F,Amants sous condition,2002,,2-280-11879-3,Collection Rouge passion 1113,single,47987b_G,Heiße Leidenschaft - Best of Baccara 2015,2016,Nina Hawranke,9783733773717,,single,47987_P,Amerykański lord,2002,Hanna Sochniałek,8323801630,"Harlequin Gorący Romans, 506",single
132321,A Rare Sensation,Kathie DeNosky,Silhouette Desire,Feb 2005,2000s,False,132321_F,À deux pour la vie,2006,,2-280-08432-5,La dynastie des Ashton; Passion 1402,single,132321a_G,Liebe oder Karriere?,2019,,9783733747060,Baccara,single,132321a_P,W cieniu winnicy,2006,Magdalena Kalemba,8323823626,"Dynastia Ashtonów : miniseria; Harlequin Gorący Romans, 740",single
248998,"Convenient Marriage, Inconvenient Husband",Yvonne Lindsay,Silhouette Desire,Feb 2009,2000s,False,248998_F,Une héritière sous contrat,2009,,978-2-280-81112-5,Passions 171,single,248998b_G,Die Prinzessin kehrt zurück!,2019,,9783733727789,Digital Edition,single,248998_P,Korzystne małżeństwo,2011,Zuzanna Maj,9788323874645,"Harlequin Gorący Romans : pasja, namiętność i pożądanie, nr 3 03/11; Pieniądze i kłamstwa / Yvonne Lindsay",single
265433,The Blackmailed Bride's Secret Child,Rachel Bailey,Silhouette Desire,Feb 2010,2010s,False,265433_F,S'il n'est pas trop tard,2010,,978-2-280-21437-7,Passions 230,single,265433a_G,Nach jenen Sommertagen,2010,Roswitha Enright,9783863494599,,single,265433_P,Cena namiętności,2012,Magdalena Kalemba,9788323884286,"Harlequin Gorący Romans, 964",single
265903,Executive's Pregnancy Ultimatum,Emilie Rose,Silhouette Desire,Feb 2010,2010s,False,265903_F,Plus fort que le désir,2011,,978-2-280-23310-1,Passions 283,single,265903a_G,Sieben Jahre und eine Nacht,2011,Sabine Bauer,9783863496777,,single,265903_P,Miłosne pojednanie,2012,Ewa Pawełek,9788323882817,"Harlequin Gorący Romans : pasja, namiętność i pożądanie, nr 949; W Świecie Biznesu",single
265437,The Playboy's Proposition,Leanne Banks,Silhouette Desire,Feb 2010,2010s,False,265437_F,Séduction sous contrat,2010,,978-2-280-21740-8,Passions 241,single,265437_G,Wovon ein Millionär träumt,2011,Sarah Heidelberger,9783863494605,,single,265437_P,Szalona noc,2012,Ewa Pawełek,9788323882831,"Harlequin Gorący Romans : pasja, namiętność i pożądanie, nr 4",single
1594798,The Pregnancy Affair,Elizabeth Bevarly,Silhouette Desire,Feb 2017,2010s,False,1594798_F,Un désir sous haute protection,2018,,978-2-280-38322-6,Passions 711,single,1594798b_G,Leidenschaft in dunkler Nacht,2020,,9783733716134,Baccara,single,1594798_P,Niczego nie żałuję,2018,Krystyna Agnieszka Nowakowska,9788327634894,"Harlequin Gorący Romans, nr 2",single
2322028,Revenge with Benefits,Cat Schield,Silhouette Desire,Feb 2019,2010s,False,2322028_F,Vengeance et plus si affinité,2020,,978-2-280-43293-1,Passions 839,single,2322028a_G,"Der Feind, der mich auf Händen trägt",2019,Kai Lautner,9783733725532,Baccara 2113,single,2322028_P,Kochanek na tu i teraz,2020,Elżbieta Chlebowska,9788327648013,"Harlequin Gorący Romans, nr 5",single
2741585,The Heir,Joanne Rock,Silhouette Desire,Feb 2021,2020s,False,2741585a_F,Sous le charme du rancher,2021,,978-2-280-45389-9,Passions 955,single,2741585a_G,Wenn unsere Leidenschaft erwacht,2021,Maike Claußnitzer,,"Mesa Falls; Baccara Band 2199 = 21, 17 (2)",single,2741585_P,Kolejna noc rozkoszy,2022,Katarzyna Ciążyńska,9788327679062,Harlequin Gorący Romans ; nr 3,single
2898083,The Problem with Playboys,Karen Booth,Silhouette Desire,Feb 2022,2020s,False,2898083_F,Ce play-boy interdit,2023,,978-2-280-48059-8,Passions 1040,single,2898083a_G,Happy End mit einem Playboy?,2022,Julia Königs,,"Baccara Band 2247 = 22, 15 (2)",single,2898083_P,Masz w sobie coś wyjątkowego,2023,Julita Mirska,9788327694805,Harlequin Gorący Romans ; nr 5,single
47104,Occupation: Casanova,Alexandra Sellers,Silhouette Desire,Jan 2000,2000s,False,47104_F,Pour tous les plaisirs,2000,,2-280-10764-3,Désirs 65,single,47104a_G,So sinnlich kann die Liebe sein,2020,,9783733719340,Digital Edition,single,47104_P,Zawód: Casanova,2000,Alina Patkowska,8371496133,"Harlequin Gorący Romans, 444",single
49072,The Earl's Secret,Kathryn Jensen,Silhouette Desire,Jan 2001,2000s,False,49072_F,Châteaux en Écosse,2001,,2-280-11863-7,Collection Rouge passion 1097,single,49072_G,Auf dem Schloss des Playboys,2020,,9783733726560,Baccara Herzensbrecher,single,49072_P,Sekret hrabiego,2001,Zbigniew Studziński,8371498632,"Harlequin Gorący Romans, 497",single
130668,Entangled,Eileen Wilks,Silhouette Desire,Jan 2005,2000s,False,130668_F,Le temps de l'amour,2005,,2-280-08426-0,La dynastie des Ashton; Passion 1396,single,130668a_G,"Liebe, Wein und heiße Küsse",2019,,9783733747053,Baccara,single,130668a_P,Prawdziwe uczucia,2006,Anna Goldschneider,8323823596,"Dynastia Ashtonów : miniseria; Harlequin Gorący Romans, 737",single
144494,Billionaire's Proposition,Leanne Banks,Silhouette Desire,Jan 2006,2000s,False,144494_F,Le prix de la passion,2007,,978-2-280-08493-2,Passions 23,single,144494c_G,Mit dem Ex im Bett - Zweite Chance für die Liebe,2023,Christian Trautmann,9783751522175,,single,144494_P,Wymarzona kobieta,2007,Alicja Marks,9788323844426,"Dynastia Elliottów; Harlequin Gorący Romans, nr 5 03/07",single
155638,Merger Of Fortunes,Peggy Moreland,Silhouette Desire,Jan 2007,2000s,False,155638_F,La fiancée de Case Fortune,2008,,978-2-280-84172-6,Passions 83,single,155638c_G,Dakota Fortunes - 6-teilige Serie,2017,Silke Schuff,9783733776251,,single,155638_P,Wyrachowany narzeczony,2008,Urszula Gutowska,9788323851998,"Harlequin Gorący Romans, nr 3 02/08; Milionerzy : miniseria",single
247586,The Tycoon's Pregnant Mistress // The Mistress,Maya Banks,Silhouette Desire,Jan 2009,2000s,False,247586_F,La mémoire du coeur,2009,,978-2-280-81070-8,Passions 166,single,247586_G,Das Licht unserer Liebe,2020,,9783733719609,Digital Edition,single,247586_P,Powracające uczucie,2011,Barbara Górecka,9788323876311,"Greckie wesela / Maya Banks; Harlequin Gorący Romans : pasja, namiętność i pożądanie, nr 6 06/11",single
265434,Claiming His Bought Bride,Rachel Bailey,Silhouette Desire,Jan 2010,2010s,False,265434_F,Troublant arrangement,2011,,978-2-280-21985-3,Passions 251,single,265434a_G,Es begann in der Hochzeitsnacht,2011,Roswitha Enright,9783863496722,,single,265434_P,Tajemnice kochanków,2012,Krystyna Kozubal,9788323884408,"Harlequin Gorący Romans, 960",single
265772,Bossman's Baby Scandal,Catherine Mann,Silhouette Desire,Jan 2010,2010s,False,265772_F,Le bébé du scandale,2011,,978-2-280-23304-0,Passions 278,single,265772a_G,"Verlangen, das wie Feuer brennt",2010,Sabine Bauer,9783863494568,,single,265772_P,Papierowe małżeństwo,2012,Krzysztof Dworak,9788323882664,"Harlequin Gorący Romans : pasja, namiętność i pożądanie, nr 1; W Świecie Biznesu",single
265438,From Playboy to Papa!,Leanne Banks,Silhouette Desire,Jan 2010,2010s,False,265438a_F,Un troublant adversaire,2010,,978-2-280-21608-1,Passions 236,single,265438a_G,Der Millionär aus Miami,2010,Sarah Heidelberger,9783863494582,,single,265438_P,Nieoczekiwana zmiana,2012,Justyna Kapis,9788323882541,"Harlequin Gorący Romans : pasja, namiętność i pożądanie, nr 2",single
282176,The CEO's Accidental Bride,Barbara Dunlop,Silhouette Desire,Jan 2011,2010s,False,282176_F,Une épouse indomptable,2011,,978-2-280-23312-5,Passions 285,single,282176a_G,Aus Versehen verheiratet?,2011,Sabine Bauer,9783864940668,,single,282176_P,Przeklęty ślub,2013,Barbara Górecka,9788323888413,"Harlequin Gorący Romans, 976",single
282343,His Thirty-day Fiancee,Catherine Mann,Silhouette Desire,Jan 2011,2010s,False,282343a_F,Quelques jours pour s'aimer,2011,,978-2-2802-3321-7,Passions 292,single,282343a_G,Die Verlobte des Prinzen,2011,Gabriele Ramm,9783863492038,,single,282343_P,Trzydzieści dni rozkoszy,2013,Katarzyna Ciążyńska,9788323888604,"Harlequin Gorący Romans, nr 21",single
304824,"Sex, Lies and the Southern Belle",Kathie DeNosky,Silhouette Desire,Jan 2012,2010s,False,304824a_F,Le secret de Lily,2012,,9782-280-28240-6,Passions 371,single,304824_G,"Liebe, Lust und ein süßes Geheimnis",2012,,9783954461684,Baccara 1744,single,304824_P,"Seks, kłamstwa i spełnione marzenia",2014,Katarzyna Ciążyńska,9788327604088,"Harlequin Gorący Romans, nr 1",single
387838,A Conflict of Interest,Barbara Dunlop,Silhouette Desire,Jan 2013,2010s,False,387838_F,Liaison interdite,2013,,978-2-280-31269-1,Passions 441,single,387838b_G,"Töchter der Macht - Geld, Sex und Intrigen in Washington D.C. (6-teilige Serie)",2019,Roswitha Enright,9783733727291,,single,387838_P,Miłość w Białym Domu,2015,Anna Sawisz,9788327609229,"Harlequin Gorący Romans, nr 1",single
1324024,Trapped with the Tycoon,Jules Bennett,Silhouette Desire,Jan 2016,2010s,False,1324024a_F,Entre les bras de son patron,2017,,978-2-2803-6229-0,Scandales à Boston; Passions 651,single,1324024c_G,"Verliebt in den Mafioso - Sexy, unwiderstehlich und verboten (4-teilige Serie)",2020,Nicola Kind,9783733716653,,single,1324024_P,W pułapce pożądania,2017,Anna Sawisz,9788327624659,"Harlequin Gorący Romans, 1119",single
2741580,The Rancher,Joanne Rock,Silhouette Desire,Jan 2021,2020s,False,2741580_F,Ce jeu trop dangereux,2025,,978-2-280-51333-3,Passions 1170,single,2741580a_G,Prickelnde Stunden der Leidenschaft,2021,Maike Claußnitzer,,"Baccara Band 2188 = 21, 12 (1)",single,2741580_P,Kobieta warta grzechu,2022,Katarzyna Ciążyńska,9788327679086,Harlequin Gorący Romans ; nr 2,single
3032580,The Trouble with Love and Hate,Cat Schield,Silhouette Desire,Jan 2023,2020s,False,3032580_F,Un séduisant architecte,2023,,978-2-280-48246-2,Passions 1062,single,3032580a_G,So sinnlich und verboten,2023,Simone Wolf,,"Baccara Band 2294 = 23, 13 (1)",single,3032580_P,Na fali rozkoszy,2024,Julita Mirska,9788383424262,Harlequin Gorący Romans ; nr 2,single
46788,Bachelor Doctor,Barbara Boswell,Silhouette Desire,Jul 2000,2000s,False,46788_F,Tensions au Medical Center,2001,,2-280-03461-1,Collection blanche 561,single,46788c_G,Wenn heiße Fantasien wahr werden … 5 lustvolle Romane,2022,Roswitha Enright,9783751520966,,single,46788_P,Doktor z wyższych sfer,2001,Hanna Walicka,8371498411,"Harlequin Gorący Romans, 475",single
375761,More Than He Expected,Andrea Laurence,Silhouette Desire,Jul 2012,2010s,False,375761_F,Cette inoubliable liaison,2013,,978-2-280-28268-0,Passions 392,single,375761b_G,Nie mehr als heiße Leidenschaft,2019,,9783733727482,Digital Edition,single,375761_P,Niedosyt wrażeń,2014,Marta Nowicka,9788327605412,"Harlequin Gorący Romans, nr 12",single
313002,Gilded Secrets,Maureen Child,Silhouette Desire,Jul 2012,2010s,False,313002a_F,Précieuses confidences,2013,,978-2-280-28288-8,Passions 406,single,313002b_G,Höchstgebot für die Liebe - das exklusive Waverly-Auktionshaus - 6-teilige Serie,2017,Meike Stein,9783733778460,,single,313002_P,Rozkosz w sieci kłamstw,2014,Elżbieta Chlebowska,9788327605801,"Harlequin Gorący Romans, 13",single
573533,Temptation on His Terms,Robyn Grady,Silhouette Desire,Jul 2013,2010s,False,573533a_F,Le goût de la tentation,2014,,978-2-280-31337-7,Passions 492,single,573533b_G,Sexy Nanny gesucht,2017,Constanze Suhr,9783733778415,,single,573533_P,Bojąc się namiętności,2014,Katarzyna Ciążyńska,9788327606709,"Harlequin Gorący Romans, nr 18",single
2135911,Friendship on Fire,Joss Wood,Silhouette Desire,Jul 2018,2010s,False,2135911a_F,Désir interdit,2019,,978-2-280-41637-5,Passions 811,single,2135911d_G,Love in Boston - 4-teilige Miniserie,2025,Roswitha Enright,9783751536974,,single,2135911_P,Gorąca przyjaźń,2019,Anna Sawisz,9788327643476,"Harlequin Gorący Romans, nr 7",single
2956914,When the Lights Go Out...,Jules Bennett,Silhouette Desire,Jul 2022,2020s,False,2956914_F,Une liaison si grisante,2023,,978-2-280-48244-8,Passions 1058,single,2956914a_G,"Dunkle Nacht, verbotene Leidenschaft",2023,Julia Königs,,"Angels' share; Baccara Band 2284 = 23, 8 (1)",single,2956914_P,Kiedy gasną światła,2023,Grażyna Woyda,9788327699336,Harlequin Gorący Romans ; nr 9,single
51198,The Bachelor Takes a Wife,Jackie Merritt,Silhouette Desire,Jun 2002,2000s,False,51198_F,Brûlant retour,2004,,2-280-08303-5,Collection Rouge passion 1274,single,51198b_G,Wenn Verlangen neu erwacht,2020,,9783733716905,Digital Edition,single,51198_P,Ostatni kawaler,2003,Maciej Cisło,8323805822,"Harlequin Gorący Romans, 577; Klub Teksański",single
136096,Estate Affair,Sara Orwig,Silhouette Desire,Jun 2005,2000s,False,136096_F,Une passion interdite,2006,,2-280-08455-4,La dynastie des Ashton; Passion 1424,single,136096_G,Heiße Nacht in starken Armen,2019,,9783733747107,Baccara,single,136096_P,Nowy początek,2012,Magdalena Jakóbczyk-Rakowska,9788323896128,"Harlequin Złota Kolekcja, nr 16; Winnica Ashtonów ; 6",single
147846,Paying The Playboy's Price,Emilie Rose,Silhouette Desire,Jun 2006,2000s,False,147846b_F,Scandaleuse liaison,2019,,978-2-280-41631-3,Passions 808,single,147846a_G,Wie verführe ich meinen Traummann,2007,Johannes Heitmann,9783862959792,,single,147846_P,Ten jeden raz,2009,Maria Nowak,9788323860068,"Harlequin Gorący Romans : pasja, namiętność, pożądanie, nr 11 06/09",single
271215,CEO's Expectant Secretary,Leanne Banks,Silhouette Desire,Jun 2010,2010s,False,271215_F,Une brûlante promesse,2011,,978-2-2802-4345-2,Passions 303,single,271215a_G,Verbotene Küsse & ein süßes Geheimnis,2011,Sabine Bauer,9783862951581,,single,271215_P,Miłość i kłamstwa,2012,Krystyna Rabińska,9788323885030,"Harlequin Gorący Romans : pasja, namiętność i pożądanie, 957; W Świecie Biznesu",single
1662147,His Accidental Heir,Joanne Rock,Silhouette Desire,Jun 2017,2010s,False,1662147_F,Mensonge aux Caraïbes,2018,,978-2-280-38368-4,Passions 745,single,1662147_G,Karibische Liebesnächte mit dem Boss,2020,,9783733717513,Baccara,single,1662147_P,Nieodparte pożądanie,2018,Anna Sawisz,9788327636638,"Harlequin Gorący Romans, nr 8",single
3099653,The Man She Loves to Hate,Jessica Lemmon,Silhouette Desire,Jun 2023,2020s,False,3099653_F,Celui qu'elle adore détester,2024,,978-2-280-49535-6,Passions 1123,single,3099653a_G,Ein sexy Feind zum Verlieben,2023,Gabriele Ramm,,"Baccara Band 2320 = 23, 26 (1)",single,3099653_P,Daj się ponieść,2024,Anna Derelkowska-Misiuna,9788383428185,Harlequin Gorący Romans ; nr 6,single
47413,The Doctor Wore Spurs,Leanne Banks,Silhouette Desire,Mar 2000,2000s,False,47413_F,Un héros en blouse blanche,2001,,2-280-03451-4,Collection blanche 551,single,47413_G,Küss mich - küss mich überall,2020,,9783733719975,Baccara,single,47413_P,Na przekór losowi,2002,Barbara Kośmider,8323803242,"Harlequin Medical, 216",single
94433,Mail-Order Prince in Her Bed,Kathryn Jensen,Silhouette Desire,Mar 2003,2000s,False,94433_F,Un anniversaire inoubliable,2005,,2-280-08399-X,Passion 1369,single,94433b_G,Prickelnde Nächte im Schloss,2016,Roman Poppe,9783733767846,,single,94433_P,Gra namiętności,2004,Izabela Bukojemska,8323820775,"Harlequin Gorący Romans, 652",single
133062,Society-Page Seduction,Maureen Child,Silhouette Desire,Mar 2005,2000s,False,133062_F,Un mariage chez les Ashton,2006,,2-280-08438-4,La dynastie des Ashton; Passion 1408,single,133062c_G,Entführt ins Land der Leidenschaft,2019,,9783733747077,Julia,single,133062a_P,Skandal w wyższych sferach,2006,Magdalena Jakóbczyk-Rakowska,8323823650,"Dynastia Ashtonów : miniseria; Harlequin Gorący Romans, 743",single
266278,Billionaire's Contract Engagement,Maya Banks,Silhouette Desire,Mar 2010,2010s,False,266278_F,Envoûtante tentation,2011,,978-2-280-23316-3,Passions 288,single,266278_G,"Verlobt, verliebt ... und dann?",2011,Sabine Bauer,9783863496715,,single,266278_P,Narzeczona na weekend,2012,Jarosław Cieśla,9788323883623,"Harlequin Gorący Romans : pasja, namiętność i pożądanie, nr 5; W Świecie Biznesu",single
266277,Secrets of the Playboy's Bride,Leanne Banks,Silhouette Desire,Mar 2010,2010s,False,266277a_F,Un piège si troublant,2011,,978-2-280-21933-4,Passions 246,single,266277a_G,Ein Millionär und Verführer,2011,Sarah Heidelberger,9783863496739,,single,266277_P,Sekret panny młodej,2012,Marcin Ciastoń,9788323884316,"Harlequin Gorący Romans : pasja, namiętność i pożądanie, nr 6/12",single
285823,"His Heir, Her Honor",Catherine Mann,Silhouette Desire,Mar 2011,2010s,False,285823a_F,L'enfant du Dr Carlos Medina,2012,,978-2-280-24559-3,Collection Blanche 1080,single,285823a_G,Prinzessin auf Probe?,2011,Gabriele Ramm,9783863492052,,single,285823_P,Cena romansu,2013,Julita Mirska,9788323888628,"Harlequin Gorący Romans : pasja, namiętność i pożądanie, nr 23",single
2533654,Heartbreaker,Joanne Rock,Silhouette Desire,Mar 2020,2020s,False,2533654a_F,Retrouvailles à Mesa Falls,2020,,978-2-280-44370-8,Passions 889,single,2533654b_G,Kann es diesmal Liebe sein?,2021,Maike Claußnitzer,,"Mesa Falls; Baccara Band 2168 = 21, 2 (1)",single,2533654_P,Urzekłaś mnie jak dawniej,2021,Katarzyna Ciążyńska,9788327666758,Harlequin Gorący Romans ; 1219,single
2533656,Reclaiming His Legacy,Dani Wade,Silhouette Desire,Mar 2020,2020s,False,2533656_F,Sous le charme du play-boy,2024,,978-2-280-50915-2,Passions 1148,single,2533656a_G,Sehnsucht nach deinen süßen Küssen,2020,Roswitha Enright,9783733726287,Baccara 2143,single,2533656_P,Umówmy się na randkę,2021,Zofia Piwowarska,9788327667250,Harlequin Gorący Romans ; nr 5,single
3053586,Big Easy Secrets,Kira Sinclair,Silhouette Desire,Mar 2023,2020s,False,3053586_F,Idylle sur un yacht,2024,,978-2-280-49531-8,Passions 1119,single,3053586b_G,Gefährlich erregende Nähe,2025,Peter Müller,9783751537179,,single,3053586_P,Dlaczego mnie uwodzisz,2023,Katarzyna Ciążyńska,9788383425146,Harlequin Gorący Romans ; nr 03,single
95418,Where There's Smoke,Barbara McCauley,Silhouette Desire,May 2003,2000s,False,95418_F,Secret sur un scandale,2004,,2-280-08307-8,Les Barone et les Conti; Collection Rouge passion 1278,single,95418a_G,Heiße Flammen der Versuchung,2026,Berna Kühne-Spicer,9783751543033,,single,95418_P,Miłość jak ogień,2004,Zofia Iwańska,8323820465,"Dynastia z Bostonu; Harlequin Gorący Romans, 644",single
134785,Awaken the Senses,Nalini Singh,Silhouette Desire,May 2005,2000s,False,134785_F,La passion à fleur de peau,2006,,2-280-08450-3,La dynastie des Ashton; Passion 1420,single,134785b_G,Rausch der Sinne,2019,,9783733746957,Baccara,single,134785_P,Obudzić zmysły,2012,Monika Łesyszak,9788323896111,"Harlequin Złota Kolekcja, nr 15; Winnica Ashtonów ; 5",single
309012,Undone by Her Tender Touch,Maya Banks,Silhouette Desire,May 2012,2010s,False,309012_F,Juste une nuit,2012,,978-2-280-28244-4,Passions 375,single,309012b_G,Bestsellerautorin Maya Banks 1,2013,Ute Augstein,9783954467280,,single,309012_P,Gorąca noc,2013,Katarzyna Ciążyńska,9788323888468,"Harlequin Gorący Romans, nr 7",single
309448,One Dance with the Sheikh,Tessa Radley,Silhouette Desire,May 2012,2010s,False,309448_F,"Laurel, princesse du désert",2013,,978-2-280-28256-7,Passions extrêmes 382,single,309448b_G,Verführt von einem Scheich - Liebesromane aus 1001 Nacht,2018,Sabine Bauer,9783733737658,,single,309448_P,Pocałunek szejka,2014,Maria Dorycka,9788327604163,"Harlequin Gorący Romans, 9",single
1373696,The CEO's Little Surprise,Kat Cantrell,Silhouette Desire,May 2016,2010s,False,1373696a_F,Conquise par son rival,2017,,978-2-280-36540-6,Affaires ou séduction ?; Passions 663,single,1373696b_G,Liebe und Lippenstift - vier Schwestern zwischen Erfolg und Leidenschaft (4-teilige Serie),2019,Susann Rauhaus,9783733739232,,single,1373696a_P,Przyjemne z pożytecznym,2017,Anna Bieńkowska,9788327628442,"Harlequin Gorący Romans, nr 5",single
2931323,Black Tie Bachelor Bid,Karen Booth,Silhouette Desire,May 2022,2020s,False,2931323_F,Un séduisant célibataire,2023,,978-2-280-48063-5,Passions 1046,single,2931323_G,Nur eine einzige Nacht mit dir?,2022,Ariane Stark,,"Baccara Band 2248 = 22, 16 (1)",single,2931323_P,Cena za noc rozkoszy,2023,Krystyna Rabińska,9788327697806,Harlequin Gorący Romans ; nr 8,single
154166,Scandals From The Third Bride,Sara Orwig,Silhouette Desire,Nov 2006,2000s,False,154166_F,Au feu du désir,2007,,978-2-280-83748-4,Passions 59,single,154166a_G,Heiss geliebter Herzensbrecher,2007,Jana Jaeger,9783862959990,,single,154166_P,Jak serce dyktuje,2009,Magdalena Kalemba,9788323860181,"Harlequin Gorący Romans : pasja, namiętność, pożądanie, nr 23 12/09; Rodzina milionerów / Sara Orwig",single
297977,Nothing Short of Perfect,Day Leclaire,Silhouette Desire,Nov 2011,2010s,False,297977_F,Un baiser sous les flocons,2021,,978-2-280-45991-4,Passions,single,297977c_G,Kopf oder Herz? - 4 Liebesromane aus der Welt der Wissenschaft,2025,Roman Poppe,9783751536882,,single,297977_P,Związek doskonały,2013,Michał Szydłowski,9788323888635,"Harlequin Gorący Romans, nr 24",single
2683424,Slow Burn,Janice Maynard,Silhouette Desire,Nov 2020,2020s,False,2683424a_F,Ce scandaleux secret,2021,,978-2-280-45556-5,Passions 953,single,2683424a_G,Wie ein wildes Feuer,2021,Julia Königs,,"Baccara Band 2217 = 21, 26 (2)",single,2683424_P,Ukryte marzenia,2022,Katarzyna Ciążyńska,9788327679109,Harlequin Gorący Romans ; nr 1,single
45722,Forever Flint,Barbara Boswell,Silhouette Desire,Oct 1999,1990s,False,45722_F,Destination paradis,2006,,2-280-08429-5,Passion 1399,single,45722b_G,Stürmisches Verlangen,2019,,9783733727642,Digital Edition,single,45722_P,Z Flintem? Na zawsze?,2000,Krystyna Kozubal,8371496095,"Harlequin Gorący Romans, 440",single
139819,The Highest Bidder,Roxanne St. Claire,Silhouette Desire,Oct 2005,2000s,False,139819_F,La passion à tout prix,2006,,2-280-08460-0,La dynastie des Ashton; Collection Rouge passion 1430,single,139819_G,Starker Mann - was nun?,2019,,9783733747138,Baccara,single,139819_P,Więcej niż flirt,2013,Małgorzata Dobrogojska,9788323893233,"Harlequin Złota Kolekcja, nr 20; Winnica Ashtonów ; 10",single
153398,Blackhawk's Betrayal,Barbara McCauley,Silhouette Desire,Oct 2006,2000s,False,153398_F,Sur la route de Wolf river,2007,,978-2-280-83313-4,Passions 37,single,153398_G,Geheimnis in blauen Augen,2007,Gabriele Ramm,9783862959921,,single,153398_P,Tajemnicza kelnerka,2009,Barbara Kruk,9788323860006,"Harlequin Gorący Romans, nr 5 03/09; Sekrety : miniseria / Barbara McCauley",single
382616,Losing Control,Robyn Grady,Silhouette Desire,Oct 2012,2010s,False,382616a_F,Une incontrôlable passion,2013,,978-2-280-28282-6,Passions 402,single,382616a_G,Mit dem Boss im Inselparadies,2015,,9783733721350,Baccara 1887,single,382616_P,Upojne noce,2014,Katarzyna Ciążyńska,9788327606686,"Harlequin Gorący Romans, nr 16",single
2432140,Bombshell for the Black Sheep,Janice Maynard,Silhouette Desire,Oct 2019,2010s,False,2432140a_F,Des conséquences inattendues,2021,,978-2-280-44640-2,Passions 914,single,2432140b_G,Heiße Nächte mit dem Bad Boy,2020,Christopher Bischoff,,"Baccara Band 2126 = 20, 7 (1)",single,2432140_P,Wskrzesić dawną magię,2020,Katarzyna Mirska,9788327655981,Harlequin Gorący Romans ; nr 11,single
2683419,Untamed Passion,Cat Schield,Silhouette Desire,Oct 2020,2020s,False,2683419a_F,Enceinte du play-boy,2021,,978-2-280-44913-7,Passions 942,single,2683419a_G,Unbezähmbare Leidenschaft,2021,Julia Königs,,"Baccara Band 2213 = 21, 24 (2); Seven sexy sins",single,2683419_P,Nieposkromiona namiętność,2021,Grażyna Woyda,9788327676276,Harlequin Gorący Romans ; nr 12,single
2851904,What Happens at Christmas...,Yvonne Lindsay,Silhouette Desire,Oct 2021,2020s,False,2851904_F,Irrésistibles retrouvailles,2022,,978-2-280-47692-8,Passions 1026,single,2851904a_G,Neuanfang unterm Mistelzweig?,2021,Victoria Werner,,"Baccara Band 2212 = 21, 24 (1)",single,2851904_P,Nim zawładnie tobą rozkosz,2022,Julita Mirska,9788327691262,Gorący Romans ; nr 12,single
45443,Lean Mean & Lonesome,Annette Broadrick,Silhouette Desire,Sep 1999,1990s,False,45443_F,Au nom du passé,2005,,2-280-08409-0,Passion 1379,single,45443_G,Immer wieder Lust auf dich,2020,,9783733716943,Digital Edition,single,45443_P,Nie proszę o miłość,2000,Alina Patkowska,8371495994,"Harlequin Desire, 430",single
152435,Pregnant With The First Heir,Sara Orwig,Silhouette Desire,Sep 2006,2000s,False,152435_F,La mariée d'un soir,2007,,978-2-280-83579-4,Passions 49,single,152435a_G,Wie verführ ich einen Millionär?,2007,Johannes Heitmann,9783862959891,,single,152435_P,Wyczekiwany ślub,2009,Zbigniew Studziński,9788323860143,"Harlequin Gorący Romans : pasja, namiętność, pożądanie, nr 19 10/09; Rodzina milionerów : miniseria / Sara Orwig",single
2959427,Second Chance Vows,Jules Bennett,Silhouette Desire,Sep 2022,2020s,False,2959427_F,Une dernière chance,2023,,978-2-280-48248-6,Passions 1064,single,2959427a_G,Erobere mich ein zweites Mal,2023,Julia Königs,,"Angels' share; Baccara Band 2288 = 23, 10 (1)",single,2959427_P,Podróż pełna pożądania,2023,Anna Sawisz,9788327699701,Harlequin Gorący Romans ; nr 10,single
31903,Time Was,Nora Roberts,Silhouette Intimate Moments,Dec 1989,1980s,False,31903c_F,La passagère du temps,2015,,978-2-28033-247-7,Collection Nora Roberts,single,31903_G,Diesseits der Liebe : Roman,2009,Rita Langner,9783899415674,Mira Taschenbuch Bd. 25349; New-York-Times-Bestseller-Autoren : Romance,single,31903b_P,Zagubiony w czasie,2011,Michał Jankowski,9788323878407,Mira; Satine,single
42000,Captive Star,Nora Roberts,Silhouette Intimate Moments,Dec 1997,1990s,False,42000a_F,Stella,2001,,2-280-11835-1,La trilogie des diamants. 2; Collection Rouge passion 1069,single,42000a_G,Der gefangene Stern : Roman,2010,Tess Martin,9783899416916,"Band der legendären Trilogie ""Die Sterne Mithras"" [Bd.] 2; Mira Taschenbuch Bd. 25423; New-York-Times-Bestseller-Autoren : Romance",single,42000a_P,Schwytana gwiazda,1999,Krystyna Klejn-Podchorowska,8371494394,"Harlequin Orchidea, nr 5; Niebieski diament / Nora Roberts",single
31584,The Art of Deception,Nora Roberts,Silhouette Intimate Moments,Feb 1986,1980s,False,31584d_F,Un secret au manoir,2019,Jeanne Deschamp,978-2-280-43756-1,,single,31584_G,Der Maler und die Lady,2018,,9783955769604,,single,31584a_P,Sztuka podstępu,2004,Monika Chilewicz,8323820678,"Harlequin Orchidea, nr 97",single
42290,Secret Star,Nora Roberts,Silhouette Intimate Moments,Feb 1998,1990s,False,42290a_F,Diana,2001,,2-280-11841-6,La trilogie des diamants. 3; Collection Rouge passion 1075,single,42290a_G,Der geheime Stern : Roman,2010,Tess Martin,9783899417050,"Band der legendären Trilogie ""Die Sterne Mithras"" Bd. 3; Mira Taschenbuch Bd. 25428; New-York-Times-Bestseller-Autoren : Romance",single,42290a_P,Tajemnicza gwiazda,1999,Barbara Osuchowska,8371494947,"Harlequin Orchidea, nr 9; Niebieski diament / Nora Roberts",single
31586,"Treasures Lost, Treasures Found",Nora Roberts,Silhouette Intimate Moments,Jul 1986,1980s,True,31586b_F,L'été de la passion,2020,Julia Couvret-Donadieu,978-2-280-44705-8,,single,31586a_G,Ein Meer von Leidenschaft : Roman,2004,Claire Marcks,9783899411140; 3899411145,Mira Taschenbuch Bd. 25087; New-York-Times-Bestseller-Autoren : Romance,single,31586a_P,Odnaleziony skarb,2008,Katarzyna Ciążyńska,9788323852216,"Harlequin. Kolekcja, nr 1 01/08",single
31579,Rules of the Game,Nora Roberts,Silhouette Intimate Moments,Nov 1984,1980s,True,31579d_F,Un envoûtant rendez-vous,2021,Fabrice Canepa,978-2-280-45697-5; 978-2-280-50495-9,,single,31579_G,Fänger des Glücks : Roman,2007,Anne Pohlmann,9783899413885; 3899413881,Mira Taschenbuch Bd. 25238; New-York-Times-Bestseller-Autoren : Romance,single,31579a_P,Zasady gry,2006,Julita Mirska,8323827338,"Harlequin Kolekcja, nr 5(67)",single
41217,Hidden Star,Nora Roberts,Silhouette Intimate Moments,Oct 1997,1990s,False,41217a_F,Virginia,2001,,2-280-11829-7,La trilogie des diamants. 1; Collection Rouge passion 1063,single,41217a_G,Der verborgene Stern : Roman,2010,Tess Martin,9783899416787,"Band der legendären Trilogie ""Die Sterne Mithras"" Bd. 1; Mira Taschenbuch Bd. 25415; New-York-Times-Bestseller-Autoren : Romance",single,41217a_P,Zaginiona gwiazda,1998,Melania Drwęska,8371494335,"Harlequin Orchidea, nr 1; Niebieski diament / Nora Roberts",single
31587,Risky Business,Nora Roberts,Silhouette Intimate Moments,Sep 1986,1980s,True,31587f_F,Clair-obscur,2020,Fabrice Canepa,978-2-280-43754-7,,single,31587a_G,Heiße Nächte in Mexiko : Roman,2011,Sonja Sajlo-Lucich,9783899418415,Mira Taschenbuch Bd. 25518; New-York-Times-Bestseller-Autoren : Romance,single,31587_P,Czarny Koral,2003,Natalia Kamińska-Matysiak,8323805369,"Harlequin Niebezpieczne Związki, 20",single
49385,The Heiress Takes a Husband,Cara Colter,Silhouette Romance,Aug 2001,2000s,False,49385a_F,Un cadeau pour Brittany,2003,,2-280-14335-6,3 héritières à marier; Collection Horizon 1918,single,49385a_G,Traumerbschaft mit Hindernissen,2023,Gudrun Bothe,,"Julia Band 212023 = 23, 21 (3)",single,49385_P,Przystań Cudów,2002,Ewa Złotowska,8323802629,"Harlequin Romans, 637",single
47935,The Monarch's Son,Valerie Parv,Silhouette Romance,Jul 2000,2000s,False,47935a_F,Dans les bras d'un prince,2002,,2-280-14268-6,Collection Horizon 1851,single,47935b_G,Die Carramer Krone - Inselreich der Leidenschaft - 3 Romane,2017,Michaela Rabe,9783733776916,,single,47935_P,Jego Wysokość... mąż,2001,Janusz Florkiewicz,8323800863,"Harlequin Romans, 575",single
700,Husband by Inheritance,Cara Colter,Silhouette Romance,Jul 2001,2000s,False,700a_F,Un cadeau unique,2003,,2-280-14330-5,3 héritières à marier; Collection Horizon 1913,single,700a_G,Traumhaus am Meer - Liebe inklusive?,2023,Gudrun Bothe,,"Julia Band 182023 = 23, 18 (3)",single,700_P,Dziedzictwo,2002,Ewa Złotowska,8323802505,"Harlequin Romans, 625",single
122904,The Secret Princess,Elizabeth Harbison,Silhouette Romance,Mar 2004,2000s,False,122904_F,Une princesse à conquérir,2005,,2-280-14409-3,Collection Horizon 1992,single,122904a_G,Das Geheimnis des Prinzen,2007,Gudrun Bothe,9783862958047,,single,122904_P,Powrót księżniczki,2005,Anna Bieńkowska,8323822980,"Harlequin Romans, 786",single
49636,Wed by a Will,Cara Colter,Silhouette Romance,Sep 2001,2000s,False,49636a_F,Une merveilleuse proposition,2003,,2-280-14340-2,3 héritières à marier; Collection Horizon 1923,single,49636a_G,Nur ein ferner Traum von Liebe?,2023,Gudrun Bothe,,"Julia Band 262023 = 23, 26 (3)",single,49636_P,Trzecia siostra,2002,Ewa Złotowska,8323802971,"Harlequin Romans, 645",single
49565,Cinderella After Midnight,Lilian Darcy,Silhouette Romance,Sep 2001,2000s,False,49565_F,Un audacieux stratagème,2003,,2-280-14290-2,Collection Horizon 1873,single,49565b_G,Begegnung in Philadelphia,2026,Alexa Christ,9783751542852,,single,49565_P,W przebraniu Kopciuszka,2003,Mikołaj Stawowy,8323802726,"Dobre wróżki / Lilian Darcy; Harlequin Romans, 653",single
31922,One Summer,Nora Roberts,Special Edition,Apr 1986,1980s,False,31922c_F,Une singulière attirance,2022,Marie Chabin,978-2-280-47553-2,,single,31922_G,"Sommer, Sonne und dein Lächeln",2019,,9783955769857,,single,31922a_P,Pewnego lata,2001,Aleksandra Komornicka,8323804036,"Harlequin. Kolekcja, 4",single
31940,Falling for Rachel,Nora Roberts,Special Edition,Apr 1993,1990s,False,31940a_F,Les rêves d'une femme,2003,,2-280-12869-1,Les Stanislaski 3,single,31940a_G,Gegen jede Vernunft,2019,,9783745751468,,single,31940a_P,Z nakazu sądu,2002,Agnieszka Bednarska,8323804109,Harlequin. Kolekcja 11; Rodzina Stanislaskich : Rachel / Nora Roberts ; 3,single
31936,Luring a Lady,Nora Roberts,Special Edition,Dec 1991,1990s,False,31936a_F,Un bonheur à bâtir,2003,,2-280-12866-7,Les Stanislaski 2,single,31936a_G,Verführung in Manhattan,2019,,9783745751499,,single,31936a_P,Księżniczka,2002,Hanna Wójt,8323804087,Harlequin. Kolekcja 10; Rodzina Stanislaskich : Michaił / Nora Roberts ; 2,single
48034,Considering Kate,Nora Roberts,Special Edition,Feb 2001,2000s,False,48034a_F,Mariage à Manhattan,2003,,2-280-12872-1,Les Stanislaski 6,single,48034_G,Tanz der Liebenden,2019,,9783745751192,,single,48034a_P,Pasja życia,2002,Krystyna Kozubal,8323803552,Harlequin. Kolekcja 17; Rodzina Stanislaskich : Federica / Nora Roberts ; 9,single
31921,Second Nature,Nora Roberts,Special Edition,Jan 1986,1980s,False,31921b_F,Liens d'amour,2010,,978-2-280-81811-7,Jade,single,31921b_G,Nur für einen Sommer,2019,,9783745750027,,single,31921a_P,Wywiad z potworem,2001,Klaryssa Słowiczanka,8323804028,Harlequin. Kolekcja 3,single
31926,Local Hero,Nora Roberts,Special Edition,Jan 1988,1980s,False,31926a_F,Sur la planète de l'amour,1988,,2-280-83211-9,Duo 211-212,single,31926a_G,Liebesmärchen in New York : Roman,2008,Melanie Lärke,9783899414073; 3899414071,Mira Taschenbuch Bd. 25248; New-York-Times-Bestseller-Autoren : Romance,single,31926a_P,Jak dobrze mieć sąsiada,2003,Michał Jankowski,8323810524,"Harlequin Orchidea, nr 83",single
31930,Loving Jack,Nora Roberts,Special Edition,Jan 1989,1980s,False,31930a_F,Baiser volé en Floride,1989,,2-280-82148-6,Duo 137,single,31930a_G,Geheimrezept zum Glücklichsein : Roman,2008,Tatjana Lènárt,9783899414677; 3899414675,Mira Taschenbuch Bd. 25286; New-York-Times-Bestseller-Autoren : Romance,single,31930_P,Pokochać Jackie,2002,Melania Drwęska,8323803668,Harlequin. Kolekcja 24,single
44318,Their Little Princess,Susan Mallery,Special Edition,Jan 2000,2000s,False,44318_F,Leur petite princesse,2018,,978-2-280-38090-4,Blanche 1350,single,44318d_G,"Bestsellerautorin Susan Mallery - Du, ich und das pure Glück",2017,,9783733734985,,single,44318_P,Najlepszy wybór,2002,Anna Kruczkowska,8323801096,"Harlequin Orchidea, nr 73",single
247694,Plain Jane And The Playboy,Marie Ferrarella,Special Edition,Jan 2009,2000s,False,247694_F,Le temps d'un baiser,2009,,978-2-280-80982-5,Passions 162,single,247694a_G,Ein Playboy zum Küssen,2010,Rainer Nolden,9783863494414,,single,247694_P,Pamiętny sylwester,2010,Ewa Jaworska,9788323865858,"Harlequin Orchidea, nr 1 01/10",single
31923,Lessons Learned,Nora Roberts,Special Edition,Jun 1986,1980s,False,31923a_F,Une Mission pour Juliet,1989,,2-280-00667-7,Collection Azur 957,single,31923a_G,Ein Mann für alle Sinne : Roman,2011,Sonja Sajlo-Lucich,9783899418781,Mira Taschenbuch Bd. 25538; New-York-Times-Bestseller-Autoren : Romance,single,31923a_P,Karuzela szczęścia,2003,Anna Kominiak-Michalska,8323810559,"Harlequin Orchidea, nr 85",single
31931,Best Laid Plans,Nora Roberts,Special Edition,Mar 1989,1980s,True,31931a_F,Dans la cité de verre,1989,Odile Wolfstirn,2-280-01701-6,Collection Horizon 808,single,31931_G,Wie Sommerregen in der Wüste : Roman,2008,Anne Pohlmann,9783899414868,Mira Taschenbuch Bd. 25301; New-York-Times-Bestseller-Autoren : Roman,single,31931_P,Olśnienie,2002,Melania Drwęska,8323803595,Harlequin. Kolekcja 25,single
31933,Taming Natasha,Nora Roberts,Special Edition,Mar 1990,1990s,False,31933a_F,La princesse en exil,1991,,2-280-82205-9,Duo 180,single,31933a_G,Melodie der Liebe,2019,,9783745751475,,single,31933a_P,Druga miłość Nataszy,2002,Barbara Janowska,8323804095,"Harlequin. Kolekcja, 9; Rodzina Stanislaskich : Natasza / Nora Roberts ; 1",single
31941,Convincing Alex,Nora Roberts,Special Edition,Mar 1994,1990s,False,31941a_F,Si tendre est la nuit,1994,,2-280-10324-9,Harlequin 149,single,31941_G,Heißkalte Sehnsucht,2019,,9783745751482,,single,31941a_P,Niedowiarek,2002,Krystyna Kozubal,8323803412,Harlequin. Kolekcja 12; Rodzina Stanislaskich : Aleksij / Nora Roberts ; 4,single
31944,Waiting for Nick,Nora Roberts,Special Edition,Mar 1997,1990s,False,31944a_F,Un amour d'enfance,2003,,2-280-12871-3,Les Stanislaski 5,single,31944_G,Der lange Traum vom Glück,2019,,9783745750614,,single,31944a_P,Czekając na Nicka,2002,Wanda Jaworska,8323803544,Harlequin. Kolekcja 16; Rodzina Stanislaskich : Federica / Nora Roberts ; 8,single
31910,The Heart's Victory,Nora Roberts,Special Edition,Nov 1982,1980s,True,31910d_F,L'amoureuse de Noël,2021,Andrée Jardat,978-2-280-45848-1,,single,31910_G,Heißer Atem : Roman,2011,Sonja Sajlo-Lucich,9783899417968,Mira Taschenbuch Bd. 25489; New-York-Times-Bestseller-Autoren : Romance,single,31910a_P,Ostatni wiraż,2007,Julita Mirska,9788323838487,"Harlequin. Kolekcja, 75",single
31920,Summer Desserts,Nora Roberts,Special Edition,Nov 1985,1980s,False,31920a_F,La force d'un regard,2006,,2-280-09250-6,Ambre 37,single,31920a_G,Liebe und andere Köstlichkeiten,2019,,9783956498558; 3956498550,,single,31920b_P,Miłość na deser,2011,Anna Michalska,9788323879428,Satine,single
31924,A Will and a Way,Nora Roberts,Special Edition,Nov 1986,1980s,False,31924d_F,Un Noël dans les Catskills,2017,Andrée Jardat,978-2-280-36597-0,,single,31924a_G,Tödlicher Champagner,2018,,9783955769581,,single,31924a_P,Skazani na siebie,2003,Wanda Jaworska,8323819777,"Harlequin Orchidea, nr 94",single
31932,The Welcoming,Nora Roberts,Special Edition,Oct 1989,1980s,False,31932a_F,Le Silence de Roman,1990,,2-280-01747-4,Collection Horizon 854,single,31932a_G,Das Geheimnis von Orcas Island : Roman,2005,Tatjána Lénárt-Seidnitzer,9783899411737; 3899411730,Mira Taschenbuch Bd. 25134; New-York-Times-Bestseller-Autoren : Romantic Crime; Sommer-Edition,single,31932_P,Tu jest mój dom,2005,Ewa Bobocińska,8323826463,"Harlequin Orchidea, nr 113",single
31912,Dance of Dreams,Nora Roberts,Special Edition,Sep 1983,1980s,True,31912c_F,La force d'un rêve,2023,Jeanne Deschamp,978-2-280-47810-6,,single,31912_G,Tanz ins große Glück : Roman,2010,Sonja Sajlo-Lucich,9783899417340,Mira Taschenbuch Bd. 25448; New-York-Times-Bestseller-Autoren: Romance,single,31912_P,Taniec marzeń,2002,Aleksandra Komornicka,8323803560,Harlequin. Kolekcja 22,single
52005,Ryan's Place,Sherryl Woods,Special Edition,Sep 2002,2000s,False,52005_F,L'aîné des Devaney,2005,,2-280-07907-0,Émotions 904,single,52005a_G,Die Devaneys - fünf Brüder finden sich und die große Liebe,2017,Jutta Nickel,9783733735173,,single,52005_P,Kiedy Ryan spotkał Maggie,2004,Lena Perl,8323819874,"Bracia Devaney; Harlequin Orchidea, nr 96",single
